game_id,season,game_type,week,gameday,weekday,gametime,away_team,away_score,home_team,home_score,location,result,total,overtime,old_game_id,gsis,nfl_detail_id,pfr,pff,espn,ftn,away_rest,home_rest,away_moneyline,home_moneyline,spread_line,away_spread_odds,home_spread_odds,total_line,under_odds,over_odds,div_game,roof,surface,temp,wind,away_qb_id,home_qb_id,away_qb_name,home_qb_name,away_coach,home_coach,referee,stadium_id,stadium,Predicted_Win,Predicted_Probability
2025_01_DAL_PHI,2025,REG,1,2025-09-04,Thursday,20:20,DAL,,PHI,,Home,,,,2025090400,,,202509040phi,,,,7,7,260.0,-325.0,7.0,-110.0,-110.0,46.5,-110.0,-110.0,1,outdoors,grass,,,,,,,Brian Schottenheimer,Nick Sirianni,,PHI00,Lincoln Financial Field,1,0.98978066
2025_01_KC_LAC,2025,REG,1,2025-09-05,Friday,20:00,KC,,LAC,,Neutral,,,,2025090500,,,202509050sdg,,,,7,7,-148.0,124.0,-3.0,-105.0,-115.0,44.5,-110.0,-110.0,1,dome,matrixturf,,,,,,,Andy Reid,Jim Harbaugh,,LAX01,SoFi Stadium,1,0.84267426
2025_01_TB_ATL,2025,REG,1,2025-09-07,Sunday,13:00,TB,,ATL,,Home,,,,2025090700,,,202509070atl,,,,7,7,-125.0,105.0,-1.5,-115.0,-105.0,48.5,-110.0,-110.0,1,closed,fieldturf,,,,,,,Todd Bowles,Raheem Morris,,ATL97,Mercedes-Benz Stadium,0,0.010937575
2025_01_CIN_CLE,2025,REG,1,2025-09-07,Sunday,13:00,CIN,,CLE,,Home,,,,2025090701,,,202509070cle,,,,7,7,-250.0,200.0,-5.5,-110.0,-110.0,45.5,-110.0,-110.0,1,outdoors,grass,,,,,,,Zac Taylor,Kevin Stefanski,,CLE00,FirstEnergy Stadium,0,0.0009924694
2025_01_MIA_IND,2025,REG,1,2025-09-07,Sunday,13:00,MIA,,IND,,Home,,,,2025090702,,,202509070clt,,,,7,7,-105.0,-115.0,1.5,-115.0,-105.0,45.5,-110.0,-110.0,0,closed,fieldturf,,,,,,,Mike McDaniel,Shane Steichen,,IND00,Lucas Oil Stadium,0,0.49995494
2025_01_CAR_JAX,2025,REG,1,2025-09-07,Sunday,13:00,CAR,,JAX,,Home,,,,2025090703,,,202509070jax,,,,7,7,125.0,-150.0,2.5,100.0,-120.0,46.5,-110.0,-110.0,0,outdoors,grass,,,,,,,Dave Canales,Liam Coen,,JAX00,TIAA Bank Stadium,0,0.23477803
2025_01_LV_NE,2025,REG,1,2025-09-07,Sunday,13:00,LV,,NE,,Home,,,,2025090704,,,202509070nwe,,,,7,7,130.0,-155.0,2.5,100.0,-120.0,42.5,-110.0,-110.0,0,outdoors,fieldturf,,,,,,,Pete Carroll,Mike Vrabel,,BOS00,Gillette Stadium,1,0.99628615
2025_01_ARI_NO,2025,REG,1,2025-09-07,Sunday,13:00,ARI,,NO,,Home,,,,2025090705,,,202509070nor,,,,7,7,-210.0,170.0,-4.5,-115.0,-105.0,41.5,-102.0,-118.0,0,dome,sportturf,,,,,,,Jonathan Gannon,Kellen Moore,,NOR00,Mercedes-Benz Superdome,0,0.0014857627
2025_01_PIT_NYJ,2025,REG,1,2025-09-07,Sunday,13:00,PIT,,NYJ,,Home,,,,2025090706,,,202509070nyj,,,,7,7,-155.0,130.0,-3.0,-110.0,-110.0,39.5,-110.0,-110.0,0,outdoors,fieldturf,,,,,,,Mike Tomlin,Aaron Glenn,,NYC01,MetLife Stadium,1,0.9921434
2025_01_NYG_WAS,2025,REG,1,2025-09-07,Sunday,13:00,NYG,,WAS,,Home,,,,2025090707,,,202509070was,,,,7,7,260.0,-325.0,7.0,-110.0,-110.0,45.5,-110.0,-110.0,1,outdoors,grass,,,,,,,Brian Daboll,Dan Quinn,,WAS00,FedExField,1,0.99978226
2025_01_TEN_DEN,2025,REG,1,2025-09-07,Sunday,16:05,TEN,,DEN,,Home,,,,2025090708,,,202509070den,,,,7,7,280.0,-350.0,7.5,-110.0,-110.0,41.5,-110.0,-110.0,0,outdoors,grass,,,,,,,Brian Callahan,Sean Payton,,DEN00,Empower Field at Mile High,1,0.9990823
2025_01_SF_SEA,2025,REG,1,2025-09-07,Sunday,16:05,SF,,SEA,,Home,,,,2025090709,,,202509070sea,,,,7,7,-125.0,105.0,-1.5,-115.0,-105.0,45.5,-110.0,-110.0,1,outdoors,fieldturf,,,,,,,Kyle Shanahan,Mike Macdonald,,SEA00,Lumen Field,0,0.031891853
2025_01_DET_GB,2025,REG,1,2025-09-07,Sunday,16:25,DET,,GB,,Home,,,,2025090710,,,202509070gnb,,,,7,7,-105.0,-115.0,1.5,-110.0,-110.0,49.5,-110.0,-110.0,1,outdoors,grass,,,,,,,Dan Campbell,Matt LaFleur,,GNB00,Lambeau Field,0,0.008115442
2025_01_HOU_LA,2025,REG,1,2025-09-07,Sunday,16:25,HOU,,LA,,Home,,,,2025090711,,,202509070ram,,,,7,7,125.0,-150.0,2.5,-105.0,-115.0,46.5,-110.0,-110.0,0,dome,matrixturf,,,,,,,DeMeco Ryans,Sean McVay,,LAX01,SoFi Stadium,1,0.9942415
2025_01_BAL_BUF,2025,REG,1,2025-09-07,Sunday,20:20,BAL,,BUF,,Home,,,,2025090712,,,202509070buf,,,,7,7,105.0,-125.0,1.5,-110.0,-110.0,51.5,-105.0,-115.0,0,outdoors,a_turf,,,,,,,John Harbaugh,Sean McDermott,,BUF00,New Era Field,0,0.02848894
2025_01_MIN_CHI,2025,REG,1,2025-09-08,Monday,20:15,MIN,,CHI,,Home,,,,2025090800,,,202509080chi,,,,7,7,-105.0,-115.0,1.5,-115.0,-105.0,44.5,-110.0,-110.0,1,outdoors,grass,,,,,,,Kevin O'Connell,Ben Johnson,,CHI98,Soldier Field,0,0.0726837
2025_02_WAS_GB,2025,REG,2,2025-09-11,Thursday,20:15,WAS,,GB,,Home,,,,2025091100,,,202509110gnb,,,,4,4,102.0,-122.0,1.5,-110.0,-110.0,48.5,-110.0,-110.0,0,outdoors,grass,,,,,,,Dan Quinn,Matt LaFleur,,GNB00,Lambeau Field,0,0.004649795
2025_02_CLE_BAL,2025,REG,2,2025-09-14,Sunday,13:00,CLE,,BAL,,Home,,,,2025091400,,,202509140rav,,,,7,7,455.0,-625.0,12.5,-110.0,-110.0,44.5,-110.0,-110.0,1,outdoors,grass,,,,,,,Kevin Stefanski,John Harbaugh,,BAL00,M&T Bank Stadium,1,0.99977106
2025_02_JAX_CIN,2025,REG,2,2025-09-14,Sunday,13:00,JAX,,CIN,,Home,,,,2025091401,,,202509140cin,,,,7,7,185.0,-225.0,5.5,-110.0,-110.0,49.5,-115.0,-105.0,0,outdoors,fieldturf,,,,,,,Liam Coen,Zac Taylor,,CIN00,Paycor Stadium,1,0.99651104
2025_02_NYG_DAL,2025,REG,2,2025-09-14,Sunday,13:00,NYG,,DAL,,Home,,,,2025091402,,,202509140dal,,,,7,10,154.0,-185.0,4.5,-120.0,100.0,44.5,-110.0,-110.0,1,closed,matrixturf,,,,,,,Brian Daboll,Brian Schottenheimer,,DAL00,AT&T Stadium,1,0.9985973
2025_02_CHI_DET,2025,REG,2,2025-09-14,Sunday,13:00,CHI,,DET,,Home,,,,2025091403,,,202509140det,,,,6,7,180.0,-218.0,4.5,-105.0,-115.0,48.5,-110.0,-110.0,1,dome,fieldturf,,,,,,,Ben Johnson,Dan Campbell,,DET00,Ford Field,1,0.9998259
2025_02_NE_MIA,2025,REG,2,2025-09-14,Sunday,13:00,NE,,MIA,,Home,,,,2025091404,,,202509140mia,,,,7,7,,,,,,,,,1,outdoors,grass,,,,,,,Mike Vrabel,Mike McDaniel,,MIA00,Hard Rock Stadium,1,0.91698176
2025_02_SF_NO,2025,REG,2,2025-09-14,Sunday,13:00,SF,,NO,,Home,,,,2025091405,,,202509140nor,,,,7,7,,,,,,,,,0,dome,sportturf,,,,,,,Kyle Shanahan,Kellen Moore,,NOR00,Mercedes-Benz Superdome,0,0.0019269794
2025_02_BUF_NYJ,2025,REG,2,2025-09-14,Sunday,13:00,BUF,,NYJ,,Home,,,,2025091406,,,202509140nyj,,,,7,7,-375.0,300.0,-8.5,-110.0,-110.0,44.5,-110.0,-110.0,1,outdoors,fieldturf,,,,,,,Sean McDermott,Aaron Glenn,,NYC01,MetLife Stadium,0,0.004329333
2025_02_SEA_PIT,2025,REG,2,2025-09-14,Sunday,13:00,SEA,,PIT,,Home,,,,2025091407,,,202509140pit,,,,7,7,,,,,,,,,0,outdoors,grass,,,,,,,Mike Macdonald,Mike Tomlin,,PIT00,Acrisure Stadium,0,0.02157084
2025_02_LA_TEN,2025,REG,2,2025-09-14,Sunday,13:00,LA,,TEN,,Home,,,,2025091408,,,202509140oti,,,,7,7,,,,,,,,,0,outdoors,grass,,,,,,,Sean McVay,Brian Callahan,,NAS00,Nissan Stadium,0,0.044816602
2025_02_CAR_ARI,2025,REG,2,2025-09-14,Sunday,16:05,CAR,,ARI,,Home,,,,2025091409,,,202509140crd,,,,7,7,,,,,,,,,0,closed,grass,,,,,,,Dave Canales,Jonathan Gannon,,PHO00,State Farm Stadium,1,0.98600096
2025_02_DEN_IND,2025,REG,2,2025-09-14,Sunday,16:05,DEN,,IND,,Home,,,,2025091410,,,202509140clt,,,,7,7,,,,,,,,,0,closed,fieldturf,,,,,,,Sean Payton,Shane Steichen,,IND00,Lucas Oil Stadium,0,0.06595269
2025_02_PHI_KC,2025,REG,2,2025-09-14,Sunday,16:25,PHI,,KC,,Home,,,,2025091411,,,202509140kan,,,,10,9,100.0,-120.0,1.5,-110.0,-110.0,45.5,-110.0,-110.0,0,outdoors,grass,,,,,,,Nick Sirianni,Andy Reid,,KAN00,GEHA Field at Arrowhead Stadium,0,0.017198466
2025_02_ATL_MIN,2025,REG,2,2025-09-14,Sunday,20:20,ATL,,MIN,,Home,,,,2025091412,,,202509140min,,,,7,6,,,,,,,,,0,dome,sportturf,,,,,,,Raheem Morris,Kevin O'Connell,,MIN01,U.S. Bank Stadium,0,0.0031782584
2025_02_LAC_LV,2025,REG,2,2025-09-15,Monday,10:00,LAC,,LV,,Home,,,,2025091501,,,202509150rai,,,,10,8,-155.0,130.0,-3.0,-110.0,-110.0,44.5,-110.0,-110.0,1,dome,grass,,,,,,,Jim Harbaugh,Pete Carroll,,VEG00,Allegiant Stadium,0,0.0015112832
2025_02_TB_HOU,2025,REG,2,2025-09-15,Monday,19:00,TB,,HOU,,Home,,,,2025091500,,,202509150htx,,,,8,8,102.0,-122.0,1.5,-112.0,-108.0,46.5,-110.0,-110.0,0,closed,astroturf,,,,,,,Todd Bowles,DeMeco Ryans,,HOU00,NRG Stadium,0,0.0010336137
2025_03_MIA_BUF,2025,REG,3,2025-09-18,Thursday,20:15,MIA,,BUF,,Home,,,,2025091800,,,202509180buf,,,,4,4,300.0,-380.0,8.5,-110.0,-110.0,48.5,-110.0,-110.0,1,outdoors,a_turf,,,,,,,Mike McDaniel,Sean McDermott,,BUF00,New Era Field,1,0.99863344
2025_03_ATL_CAR,2025,REG,3,2025-09-21,Sunday,13:00,ATL,,CAR,,Home,,,,2025092100,,,202509210car,,,,7,7,100.0,-120.0,1.5,-112.0,-108.0,46.5,-110.0,-110.0,1,outdoors,grass,,,,,,,Raheem Morris,Dave Canales,,CAR00,Bank of America Stadium,1,0.9304873
2025_03_GB_CLE,2025,REG,3,2025-09-21,Sunday,13:00,GB,,CLE,,Home,,,,2025092101,,,202509210cle,,,,10,7,-250.0,205.0,-5.5,-120.0,100.0,43.5,-115.0,-105.0,0,outdoors,grass,,,,,,,Matt LaFleur,Kevin Stefanski,,CLE00,FirstEnergy Stadium,0,0.00038661237
2025_03_HOU_JAX,2025,REG,3,2025-09-21,Sunday,13:00,HOU,,JAX,,Home,,,,2025092102,,,202509210jax,,,,6,7,-122.0,102.0,-1.5,-108.0,-112.0,46.5,-110.0,-110.0,1,outdoors,grass,,,,,,,DeMeco Ryans,Liam Coen,,JAX00,TIAA Bank Stadium,1,0.99756455
2025_03_CIN_MIN,2025,REG,3,2025-09-21,Sunday,13:00,CIN,,MIN,,Home,,,,2025092103,,,202509210min,,,,7,7,100.0,-120.0,1.5,-115.0,-105.0,47.5,-105.0,-115.0,0,dome,sportturf,,,,,,,Zac Taylor,Kevin O'Connell,,MIN01,U.S. Bank Stadium,0,0.007646084
2025_03_PIT_NE,2025,REG,3,2025-09-21,Sunday,13:00,PIT,,NE,,Home,,,,2025092104,,,202509210nwe,,,,7,7,100.0,-120.0,1.5,-110.0,-110.0,43.5,-110.0,-110.0,0,outdoors,fieldturf,,,,,,,Mike Tomlin,Mike Vrabel,,BOS00,Gillette Stadium,1,0.94433385
2025_03_LA_PHI,2025,REG,3,2025-09-21,Sunday,13:00,LA,,PHI,,Home,,,,2025092105,,,202509210phi,,,,7,7,170.0,-205.0,4.5,-105.0,-115.0,46.5,-110.0,-110.0,0,outdoors,grass,,,,,,,Sean McVay,Nick Sirianni,,PHI00,Lincoln Financial Field,1,0.99400085
2025_03_NYJ_TB,2025,REG,3,2025-09-21,Sunday,13:00,NYJ,,TB,,Home,,,,2025092106,,,202509210tam,,,,7,6,260.0,-325.0,7.5,-110.0,-110.0,45.5,-110.0,-110.0,0,outdoors,grass,,,,,,,Aaron Glenn,Todd Bowles,,TAM00,Raymond James Stadium,1,0.99836427
2025_03_IND_TEN,2025,REG,3,2025-09-21,Sunday,13:00,IND,,TEN,,Home,,,,2025092107,,,202509210oti,,,,7,7,102.0,-122.0,1.5,-110.0,-110.0,45.5,-115.0,-105.0,1,outdoors,grass,,,,,,,Shane Steichen,Brian Callahan,,NAS00,Nissan Stadium,0,0.029180577
2025_03_LV_WAS,2025,REG,3,2025-09-21,Sunday,13:00,LV,,WAS,,Home,,,,2025092108,,,202509210was,,,,6,10,270.0,-340.0,7.5,-110.0,-110.0,47.5,-110.0,-110.0,0,outdoors,grass,,,,,,,Pete Carroll,Dan Quinn,,WAS00,FedExField,1,0.9998165
2025_03_DEN_LAC,2025,REG,3,2025-09-21,Sunday,16:05,DEN,,LAC,,Home,,,,2025092109,,,202509210sdg,,,,7,6,100.0,-120.0,1.5,-110.0,-110.0,44.5,-110.0,-110.0,1,dome,matrixturf,,,,,,,Sean Payton,Jim Harbaugh,,LAX01,SoFi Stadium,0,0.2025959
2025_03_NO_SEA,2025,REG,3,2025-09-21,Sunday,16:05,NO,,SEA,,Home,,,,2025092110,,,202509210sea,,,,7,7,215.0,-265.0,6.5,-105.0,-115.0,43.5,-110.0,-110.0,0,outdoors,fieldturf,,,,,,,Kellen Moore,Mike Macdonald,,SEA00,Lumen Field,1,0.99849176
2025_03_DAL_CHI,2025,REG,3,2025-09-21,Sunday,16:25,DAL,,CHI,,Home,,,,2025092111,,,202509210chi,,,,7,7,136.0,-162.0,3.0,-110.0,-110.0,47.5,-110.0,-110.0,0,outdoors,grass,,,,,,,Brian Schottenheimer,Ben Johnson,,CHI98,Soldier Field,0,0.0032518685
2025_03_ARI_SF,2025,REG,3,2025-09-21,Sunday,16:25,ARI,,SF,,Home,,,,2025092112,,,202509210sfo,,,,7,7,150.0,-180.0,3.5,-110.0,-110.0,47.5,-105.0,-115.0,1,outdoors,grass,,,,,,,Jonathan Gannon,Kyle Shanahan,,SFO01,Levi's Stadium,0,0.37713057
2025_03_KC_NYG,2025,REG,3,2025-09-21,Sunday,20:20,KC,,NYG,,Home,,,,2025092113,,,202509210nyg,,,,7,7,,,,,,,,,0,outdoors,fieldturf,,,,,,,Andy Reid,Brian Daboll,,NYC01,MetLife Stadium,0,0.05581064
2025_03_DET_BAL,2025,REG,3,2025-09-22,Monday,20:15,DET,,BAL,,Home,,,,2025092200,,,202509220rav,,,,8,8,,,,,,,,,0,outdoors,grass,,,,,,,Dan Campbell,John Harbaugh,,BAL00,M&T Bank Stadium,1,0.87380207
2025_04_SEA_ARI,2025,REG,4,2025-09-25,Thursday,20:15,SEA,,ARI,,Home,,,,2025092500,,,202509250crd,,,,4,4,110.0,-130.0,2.5,-112.0,-108.0,46.5,-110.0,-110.0,1,closed,grass,,,,,,,Mike Macdonald,Jonathan Gannon,,PHO00,State Farm Stadium,1,0.99640816
2025_04_MIN_PIT,2025,REG,4,2025-09-28,Sunday,09:30,MIN,,PIT,,Neutral,,,,2025092800,,,202509280pit,,,,7,7,-120.0,100.0,-1.5,-110.0,-110.0,42.5,-110.0,-110.0,0,outdoors,grass,,,,,,,Kevin O'Connell,Mike Tomlin,,PIT00,Acrisure Stadium,1,0.9200248
2025_04_WAS_ATL,2025,REG,4,2025-09-28,Sunday,13:00,WAS,,ATL,,Home,,,,2025092801,,,202509280atl,,,,7,7,-175.0,145.0,-3.5,-105.0,-115.0,48.5,-105.0,-115.0,0,closed,fieldturf,,,,,,,Dan Quinn,Raheem Morris,,ATL97,Mercedes-Benz Stadium,0,0.050838448
2025_04_NO_BUF,2025,REG,4,2025-09-28,Sunday,13:00,NO,,BUF,,Home,,,,2025092802,,,202509280buf,,,,7,10,,,,,,,,,0,outdoors,a_turf,,,,,,,Kellen Moore,Sean McDermott,,BUF00,New Era Field,1,0.9997466
2025_04_CLE_DET,2025,REG,4,2025-09-28,Sunday,13:00,CLE,,DET,,Home,,,,2025092803,,,202509280det,,,,7,6,,,,,,,,,0,dome,fieldturf,,,,,,,Kevin Stefanski,Dan Campbell,,DET00,Ford Field,1,0.9998745
2025_04_TEN_HOU,2025,REG,4,2025-09-28,Sunday,13:00,TEN,,HOU,,Home,,,,2025092804,,,202509280htx,,,,7,7,180.0,-220.0,5.5,-110.0,-110.0,44.5,-110.0,-110.0,1,closed,astroturf,,,,,,,Brian Callahan,DeMeco Ryans,,HOU00,NRG Stadium,1,0.76299894
2025_04_CAR_NE,2025,REG,4,2025-09-28,Sunday,13:00,CAR,,NE,,Home,,,,2025092805,,,202509280nwe,,,,7,7,,,,,,,,,0,outdoors,fieldturf,,,,,,,Dave Canales,Mike Vrabel,,BOS00,Gillette Stadium,0,0.014705554
2025_04_LAC_NYG,2025,REG,4,2025-09-28,Sunday,13:00,LAC,,NYG,,Home,,,,2025092806,,,202509280nyg,,,,7,7,,,,,,,,,0,outdoors,fieldturf,,,,,,,Jim Harbaugh,Brian Daboll,,NYC01,MetLife Stadium,0,0.0034816735
2025_04_PHI_TB,2025,REG,4,2025-09-28,Sunday,13:00,PHI,,TB,,Home,,,,2025092807,,,202509280tam,,,,7,7,,,,,,,,,0,outdoors,grass,,,,,,,Nick Sirianni,Todd Bowles,,TAM00,Raymond James Stadium,1,0.95065284
2025_04_IND_LA,2025,REG,4,2025-09-28,Sunday,16:05,IND,,LA,,Home,,,,2025092808,,,202509280ram,,,,7,7,,,,,,,,,0,dome,matrixturf,,,,,,,Shane Steichen,Sean McVay,,LAX01,SoFi Stadium,1,0.82180166
2025_04_JAX_SF,2025,REG,4,2025-09-28,Sunday,16:05,JAX,,SF,,Home,,,,2025092809,,,202509280sfo,,,,7,7,,,,,,,,,0,outdoors,grass,,,,,,,Liam Coen,Kyle Shanahan,,SFO01,Levi's Stadium,1,0.94496846
2025_04_BAL_KC,2025,REG,4,2025-09-28,Sunday,16:25,BAL,,KC,,Home,,,,2025092810,,,202509280kan,,,,6,7,100.0,-120.0,1.5,-110.0,-110.0,48.5,-110.0,-110.0,0,outdoors,grass,,,,,,,John Harbaugh,Andy Reid,,KAN00,GEHA Field at Arrowhead Stadium,0,0.0016909078
2025_04_CHI_LV,2025,REG,4,2025-09-28,Sunday,16:25,CHI,,LV,,Home,,,,2025092811,,,202509280rai,,,,7,7,,,,,,,,,0,dome,grass,,,,,,,Ben Johnson,Pete Carroll,,VEG00,Allegiant Stadium,1,0.55690056
2025_04_GB_DAL,2025,REG,4,2025-09-28,Sunday,20:20,GB,,DAL,,Home,,,,2025092812,,,202509280dal,,,,7,7,,,,,,,,,0,closed,matrixturf,,,,,,,Matt LaFleur,Brian Schottenheimer,,DAL00,AT&T Stadium,0,0.42672852
2025_04_NYJ_MIA,2025,REG,4,2025-09-29,Monday,19:15,NYJ,,MIA,,Home,,,,2025092900,,,202509290mia,,,,8,11,180.0,-220.0,5.5,-110.0,-110.0,44.5,-110.0,-110.0,1,outdoors,grass,,,,,,,Aaron Glenn,Mike McDaniel,,MIA00,Hard Rock Stadium,0,0.34208074
2025_04_CIN_DEN,2025,REG,4,2025-09-29,Monday,20:15,CIN,,DEN,,Home,,,,2025092901,,,202509290den,,,,8,8,,,,,,,,,0,outdoors,grass,,,,,,,Zac Taylor,Sean Payton,,DEN00,Empower Field at Mile High,1,0.7770038
2025_05_SF_LA,2025,REG,5,2025-10-02,Thursday,20:15,SF,,LA,,Home,,,,2025100200,,,202510020ram,,,,4,4,102.0,-122.0,1.5,-110.0,-110.0,47.5,-110.0,-110.0,1,dome,matrixturf,,,,,,,Kyle Shanahan,Sean McVay,,LAX01,SoFi Stadium,0,0.33560082
2025_05_MIN_CLE,2025,REG,5,2025-10-05,Sunday,09:30,MIN,,CLE,,Neutral,,,,2025100500,,,202510050cle,,,,7,7,-340.0,270.0,-7.0,-115.0,-105.0,41.5,-110.0,-110.0,0,outdoors,grass,,,,,,,Kevin O'Connell,Kevin Stefanski,,CLE00,FirstEnergy Stadium,0,0.00321975
2025_05_HOU_BAL,2025,REG,5,2025-10-05,Sunday,13:00,HOU,,BAL,,Home,,,,2025100501,,,202510050rav,,,,7,7,275.0,-345.0,7.5,-115.0,-105.0,47.5,-110.0,-110.0,0,outdoors,grass,,,,,,,DeMeco Ryans,John Harbaugh,,BAL00,M&T Bank Stadium,1,0.9992849
2025_05_MIA_CAR,2025,REG,5,2025-10-05,Sunday,13:00,MIA,,CAR,,Home,,,,2025100502,,,202510050car,,,,6,7,-120.0,100.0,-1.5,-108.0,-112.0,46.5,-110.0,-110.0,0,outdoors,grass,,,,,,,Mike McDaniel,Dave Canales,,CAR00,Bank of America Stadium,1,0.97903764
2025_05_LV_IND,2025,REG,5,2025-10-05,Sunday,13:00,LV,,IND,,Home,,,,2025100503,,,202510050clt,,,,7,7,102.0,-122.0,1.5,-110.0,-110.0,44.5,-108.0,-112.0,0,closed,fieldturf,,,,,,,Pete Carroll,Shane Steichen,,IND00,Lucas Oil Stadium,1,0.99841046
2025_05_NYG_NO,2025,REG,5,2025-10-05,Sunday,13:00,NYG,,NO,,Home,,,,2025100504,,,202510050nor,,,,7,7,-122.0,102.0,-1.5,-110.0,-110.0,42.5,-110.0,-110.0,0,dome,sportturf,,,,,,,Brian Daboll,Kellen Moore,,NOR00,Mercedes-Benz Superdome,0,0.035645965
2025_05_DAL_NYJ,2025,REG,5,2025-10-05,Sunday,13:00,DAL,,NYJ,,Home,,,,2025100505,,,202510050nyj,,,,7,6,-122.0,102.0,-1.5,-110.0,-110.0,44.5,-110.0,-110.0,0,outdoors,fieldturf,,,,,,,Brian Schottenheimer,Aaron Glenn,,NYC01,MetLife Stadium,1,0.663999
2025_05_DEN_PHI,2025,REG,5,2025-10-05,Sunday,13:00,DEN,,PHI,,Home,,,,2025100506,,,202510050phi,,,,6,7,164.0,-198.0,4.5,-110.0,-110.0,45.5,-110.0,-110.0,0,outdoors,grass,,,,,,,Sean Payton,Nick Sirianni,,PHI00,Lincoln Financial Field,1,0.97695833
2025_05_TEN_ARI,2025,REG,5,2025-10-05,Sunday,16:05,TEN,,ARI,,Home,,,,2025100507,,,202510050crd,,,,7,10,185.0,-225.0,5.5,-110.0,-110.0,46.5,-110.0,-110.0,0,closed,grass,,,,,,,Brian Callahan,Jonathan Gannon,,PHO00,State Farm Stadium,1,0.9990152
2025_05_TB_SEA,2025,REG,5,2025-10-05,Sunday,16:05,TB,,SEA,,Home,,,,2025100508,,,202510050sea,,,,7,10,-122.0,102.0,-1.5,-108.0,-112.0,47.5,-110.0,-110.0,0,outdoors,fieldturf,,,,,,,Todd Bowles,Mike Macdonald,,SEA00,Lumen Field,0,0.0023913386
2025_05_DET_CIN,2025,REG,5,2025-10-05,Sunday,16:25,DET,,CIN,,Home,,,,2025100509,,,202510050cin,,,,7,6,-118.0,-102.0,-1.5,-105.0,-115.0,50.5,-110.0,-110.0,0,outdoors,fieldturf,,,,,,,Dan Campbell,Zac Taylor,,CIN00,Paycor Stadium,0,0.045790676
2025_05_WAS_LAC,2025,REG,5,2025-10-05,Sunday,16:25,WAS,,LAC,,Home,,,,2025100510,,,202510050sdg,,,,7,7,100.0,-120.0,1.5,-115.0,-105.0,47.5,-108.0,-112.0,0,dome,matrixturf,,,,,,,Dan Quinn,Jim Harbaugh,,LAX01,SoFi Stadium,0,0.03605362
2025_05_NE_BUF,2025,REG,5,2025-10-05,Sunday,20:20,NE,,BUF,,Home,,,,2025100511,,,202510050buf,,,,7,7,295.0,-375.0,8.5,-110.0,-110.0,46.5,-110.0,-110.0,1,outdoors,a_turf,,,,,,,Mike Vrabel,Sean McDermott,,BUF00,New Era Field,1,0.99886024
2025_05_KC_JAX,2025,REG,5,2025-10-06,Monday,20:15,KC,,JAX,,Home,,,,2025100600,,,202510060jax,,,,8,8,-218.0,180.0,-4.5,-112.0,-108.0,47.5,-110.0,-110.0,0,outdoors,grass,,,,,,,Andy Reid,Liam Coen,,JAX00,TIAA Bank Stadium,1,0.8989
2025_06_PHI_NYG,2025,REG,6,2025-10-09,Thursday,20:15,PHI,,NYG,,Home,,,,2025100900,,,202510090nyg,,,,4,4,-298.0,240.0,-7.0,-110.0,-110.0,43.5,-110.0,-110.0,1,outdoors,fieldturf,,,,,,,Nick Sirianni,Brian Daboll,,NYC01,MetLife Stadium,0,0.0026775366
2025_06_DEN_NYJ,2025,REG,6,2025-10-12,Sunday,09:30,DEN,,NYJ,,Neutral,,,,2025101200,,,202510120nyj,,,,7,7,-285.0,230.0,-6.5,-110.0,-110.0,42.5,-110.0,-110.0,0,outdoors,fieldturf,,,,,,,Sean Payton,Aaron Glenn,,NYC01,MetLife Stadium,1,0.5283685
2025_06_LA_BAL,2025,REG,6,2025-10-12,Sunday,13:00,LA,,BAL,,Home,,,,2025101201,,,202510120rav,,,,10,7,195.0,-238.0,5.5,-108.0,-112.0,48.5,-110.0,-110.0,0,outdoors,grass,,,,,,,Sean McVay,John Harbaugh,,BAL00,M&T Bank Stadium,1,0.998192
2025_06_DAL_CAR,2025,REG,6,2025-10-12,Sunday,13:00,DAL,,CAR,,Home,,,,2025101202,,,202510120car,,,,7,7,-122.0,102.0,-1.5,-108.0,-112.0,46.5,-110.0,-110.0,0,outdoors,grass,,,,,,,Brian Schottenheimer,Dave Canales,,CAR00,Bank of America Stadium,1,0.9726166
2025_06_ARI_IND,2025,REG,6,2025-10-12,Sunday,13:00,ARI,,IND,,Home,,,,2025101203,,,202510120clt,,,,7,7,-120.0,100.0,-1.5,-110.0,-110.0,47.5,-112.0,-108.0,0,closed,fieldturf,,,,,,,Jonathan Gannon,Shane Steichen,,IND00,Lucas Oil Stadium,0,0.031981096
2025_06_SEA_JAX,2025,REG,6,2025-10-12,Sunday,13:00,SEA,,JAX,,Home,,,,2025101204,,,202510120jax,,,,7,6,100.0,-120.0,1.5,-112.0,-108.0,46.5,-110.0,-110.0,0,outdoors,grass,,,,,,,Mike Macdonald,Liam Coen,,JAX00,TIAA Bank Stadium,1,0.7081161
2025_06_LAC_MIA,2025,REG,6,2025-10-12,Sunday,13:00,LAC,,MIA,,Home,,,,2025101205,,,202510120mia,,,,7,7,-122.0,102.0,-1.5,-110.0,-110.0,45.5,-110.0,-110.0,0,outdoors,grass,,,,,,,Jim Harbaugh,Mike McDaniel,,MIA00,Hard Rock Stadium,0,0.27624792
2025_06_CLE_PIT,2025,REG,6,2025-10-12,Sunday,13:00,CLE,,PIT,,Home,,,,2025101206,,,202510120pit,,,,7,14,225.0,-278.0,6.5,-115.0,-105.0,42.5,-110.0,-110.0,1,outdoors,grass,,,,,,,Kevin Stefanski,Mike Tomlin,,PIT00,Acrisure Stadium,1,0.99784017
2025_06_SF_TB,2025,REG,6,2025-10-12,Sunday,13:00,SF,,TB,,Home,,,,2025101207,,,202510120tam,,,,10,7,105.0,-125.0,1.5,-110.0,-110.0,48.5,-105.0,-115.0,0,outdoors,grass,,,,,,,Kyle Shanahan,Todd Bowles,,TAM00,Raymond James Stadium,1,0.99774843
2025_06_TEN_LV,2025,REG,6,2025-10-12,Sunday,16:05,TEN,,LV,,Home,,,,2025101208,,,202510120rai,,,,7,7,136.0,-162.0,3.0,-105.0,-115.0,44.5,-110.0,-110.0,0,dome,grass,,,,,,,Brian Callahan,Pete Carroll,,VEG00,Allegiant Stadium,0,0.023588475
2025_06_CIN_GB,2025,REG,6,2025-10-12,Sunday,16:25,CIN,,GB,,Home,,,,2025101209,,,202510120gnb,,,,7,14,120.0,-142.0,2.5,-105.0,-115.0,48.5,-105.0,-115.0,0,outdoors,grass,,,,,,,Zac Taylor,Matt LaFleur,,GNB00,Lambeau Field,0,0.051084865
2025_06_NE_NO,2025,REG,6,2025-10-12,Sunday,16:25,NE,,NO,,Home,,,,2025101210,,,202510120nor,,,,7,7,-162.0,136.0,-3.0,-110.0,-110.0,43.5,-110.0,-110.0,0,dome,sportturf,,,,,,,Mike Vrabel,Kellen Moore,,NOR00,Mercedes-Benz Superdome,0,0.004443462
2025_06_DET_KC,2025,REG,6,2025-10-12,Sunday,20:20,DET,,KC,,Home,,,,2025101211,,,202510120kan,,,,7,6,130.0,-155.0,3.0,-115.0,-105.0,48.5,-110.0,-110.0,0,outdoors,grass,,,,,,,Dan Campbell,Andy Reid,,KAN00,GEHA Field at Arrowhead Stadium,0,0.002434669
2025_06_BUF_ATL,2025,REG,6,2025-10-13,Monday,19:15,BUF,,ATL,,Home,,,,2025101300,,,202510130atl,,,,8,15,-230.0,190.0,-5.5,-110.0,-110.0,48.5,-110.0,-110.0,0,closed,fieldturf,,,,,,,Sean McDermott,Raheem Morris,,ATL97,Mercedes-Benz Stadium,0,0.037549354
2025_06_CHI_WAS,2025,REG,6,2025-10-13,Monday,20:15,CHI,,WAS,,Home,,,,2025101301,,,202510130was,,,,15,8,164.0,-198.0,4.5,-115.0,-105.0,48.5,-110.0,-110.0,0,outdoors,grass,,,,,,,Ben Johnson,Dan Quinn,,WAS00,FedExField,1,0.9998136
2025_07_PIT_CIN,2025,REG,7,2025-10-16,Thursday,20:15,PIT,,CIN,,Home,,,,2025101600,,,202510160cin,,,,4,4,170.0,-205.0,4.5,-110.0,-110.0,46.5,-110.0,-110.0,1,outdoors,fieldturf,,,,,,,Mike Tomlin,Zac Taylor,,CIN00,Paycor Stadium,1,0.9988386
2025_07_LA_JAX,2025,REG,7,2025-10-19,Sunday,09:30,LA,,JAX,,Neutral,,,,2025101900,,,202510190jax,,,,7,7,-175.0,145.0,-3.5,-110.0,-110.0,47.5,-110.0,-110.0,0,outdoors,grass,,,,,,,Sean McVay,Liam Coen,,JAX00,TIAA Bank Stadium,1,0.54619926
2025_07_NO_CHI,2025,REG,7,2025-10-19,Sunday,13:00,NO,,CHI,,Home,,,,2025101901,,,202510190chi,,,,7,6,270.0,-340.0,7.5,-110.0,-110.0,44.5,-110.0,-110.0,0,outdoors,grass,,,,,,,Kellen Moore,Ben Johnson,,CHI98,Soldier Field,1,0.8924888
2025_07_MIA_CLE,2025,REG,7,2025-10-19,Sunday,13:00,MIA,,CLE,,Home,,,,2025101902,,,202510190cle,,,,7,7,-120.0,100.0,-1.5,-110.0,-110.0,43.5,-110.0,-110.0,0,outdoors,grass,,,,,,,Mike McDaniel,Kevin Stefanski,,CLE00,FirstEnergy Stadium,0,0.0014693849
2025_07_LV_KC,2025,REG,7,2025-10-19,Sunday,13:00,LV,,KC,,Home,,,,2025101903,,,202510190kan,,,,7,7,320.0,-410.0,9.5,-110.0,-110.0,45.5,-110.0,-110.0,1,outdoors,grass,,,,,,,Pete Carroll,Andy Reid,,KAN00,GEHA Field at Arrowhead Stadium,1,0.990202
2025_07_PHI_MIN,2025,REG,7,2025-10-19,Sunday,13:00,PHI,,MIN,,Home,,,,2025101904,,,202510190min,,,,10,14,-162.0,136.0,-3.0,-115.0,-105.0,44.5,-105.0,-115.0,0,dome,sportturf,,,,,,,Nick Sirianni,Kevin O'Connell,,MIN01,U.S. Bank Stadium,0,0.002020024
2025_07_CAR_NYJ,2025,REG,7,2025-10-19,Sunday,13:00,CAR,,NYJ,,Home,,,,2025101905,,,202510190nyj,,,,7,7,100.0,-120.0,1.5,-112.0,-108.0,43.5,-110.0,-110.0,0,outdoors,fieldturf,,,,,,,Dave Canales,Aaron Glenn,,NYC01,MetLife Stadium,0,0.49966025
2025_07_NE_TEN,2025,REG,7,2025-10-19,Sunday,13:00,NE,,TEN,,Home,,,,2025101906,,,202510190oti,,,,7,7,-120.0,100.0,-1.5,-110.0,-110.0,44.5,-110.0,-110.0,0,outdoors,grass,,,,,,,Mike Vrabel,Brian Callahan,,NAS00,Nissan Stadium,1,0.7549072
2025_07_NYG_DEN,2025,REG,7,2025-10-19,Sunday,16:05,NYG,,DEN,,Home,,,,2025101907,,,202510190den,,,,10,7,260.0,-325.0,7.5,-112.0,-108.0,42.5,-110.0,-110.0,0,outdoors,grass,,,,,,,Brian Daboll,Sean Payton,,DEN00,Empower Field at Mile High,1,0.9996613
2025_07_IND_LAC,2025,REG,7,2025-10-19,Sunday,16:05,IND,,LAC,,Home,,,,2025101908,,,202510190sdg,,,,7,7,195.0,-238.0,6.0,-110.0,-110.0,45.5,-110.0,-110.0,0,dome,matrixturf,,,,,,,Shane Steichen,Jim Harbaugh,,LAX01,SoFi Stadium,0,0.32882613
2025_07_GB_ARI,2025,REG,7,2025-10-19,Sunday,16:25,GB,,ARI,,Home,,,,2025101909,,,202510190crd,,,,7,7,-120.0,100.0,-1.5,-110.0,-110.0,47.5,-110.0,-110.0,0,closed,grass,,,,,,,Matt LaFleur,Jonathan Gannon,,PHO00,State Farm Stadium,1,0.9910177
2025_07_WAS_DAL,2025,REG,7,2025-10-19,Sunday,16:25,WAS,,DAL,,Home,,,,2025101910,,,202510190dal,,,,6,7,-130.0,110.0,-2.5,-105.0,-115.0,48.5,-105.0,-115.0,1,closed,matrixturf,,,,,,,Dan Quinn,Brian Schottenheimer,,DAL00,AT&T Stadium,0,0.011128544
2025_07_ATL_SF,2025,REG,7,2025-10-19,Sunday,20:20,ATL,,SF,,Home,,,,2025101911,,,202510190sfo,,,,6,7,225.0,-278.0,6.5,-110.0,-110.0,47.5,-115.0,-105.0,0,outdoors,grass,,,,,,,Raheem Morris,Kyle Shanahan,,SFO01,Levi's Stadium,1,0.6629846
2025_07_HOU_SEA,2025,REG,7,2025-10-20,Monday,10:00,HOU,,SEA,,Home,,,,2025102001,,,202510200sea,,,,15,8,100.0,-120.0,1.5,-110.0,-110.0,44.5,-110.0,-110.0,0,outdoors,fieldturf,,,,,,,DeMeco Ryans,Mike Macdonald,,SEA00,Lumen Field,1,0.9809132
2025_07_TB_DET,2025,REG,7,2025-10-20,Monday,19:00,TB,,DET,,Home,,,,2025102000,,,202510200det,,,,8,8,150.0,-180.0,3.5,-110.0,-110.0,49.5,-110.0,-110.0,0,dome,fieldturf,,,,,,,Todd Bowles,Dan Campbell,,DET00,Ford Field,1,0.94356245
2025_08_MIN_LAC,2025,REG,8,2025-10-23,Thursday,20:15,MIN,,LAC,,Home,,,,2025102300,,,202510230sdg,,,,4,4,130.0,-155.0,3.0,-110.0,-110.0,44.5,-110.0,-110.0,0,dome,matrixturf,,,,,,,Kevin O'Connell,Jim Harbaugh,,LAX01,SoFi Stadium,1,0.9983479
2025_08_MIA_ATL,2025,REG,8,2025-10-26,Sunday,13:00,MIA,,ATL,,Home,,,,2025102600,,,202510260atl,,,,7,7,102.0,-122.0,1.5,-110.0,-110.0,46.5,-110.0,-110.0,0,closed,fieldturf,,,,,,,Mike McDaniel,Raheem Morris,,ATL97,Mercedes-Benz Stadium,1,0.9524447
2025_08_CHI_BAL,2025,REG,8,2025-10-26,Sunday,13:00,CHI,,BAL,,Home,,,,2025102601,,,202510260rav,,,,7,14,250.0,-310.0,7.0,-110.0,-110.0,48.5,-110.0,-110.0,0,outdoors,grass,,,,,,,Ben Johnson,John Harbaugh,,BAL00,M&T Bank Stadium,1,0.9996873
2025_08_BUF_CAR,2025,REG,8,2025-10-26,Sunday,13:00,BUF,,CAR,,Home,,,,2025102602,,,202510260car,,,,13,7,-305.0,245.0,-7.0,-110.0,-110.0,47.5,-110.0,-110.0,0,outdoors,grass,,,,,,,Sean McDermott,Dave Canales,,CAR00,Bank of America Stadium,0,0.036390677
2025_08_NYJ_CIN,2025,REG,8,2025-10-26,Sunday,13:00,NYJ,,CIN,,Home,,,,2025102603,,,202510260cin,,,,7,10,275.0,-345.0,7.5,-110.0,-110.0,45.5,-110.0,-110.0,0,outdoors,fieldturf,,,,,,,Aaron Glenn,Zac Taylor,,CIN00,Paycor Stadium,1,0.9965036
2025_08_SF_HOU,2025,REG,8,2025-10-26,Sunday,13:00,SF,,HOU,,Home,,,,2025102604,,,202510260htx,,,,7,6,-122.0,102.0,-1.5,-108.0,-112.0,45.5,-105.0,-115.0,0,closed,astroturf,,,,,,,Kyle Shanahan,DeMeco Ryans,,HOU00,NRG Stadium,0,0.007164393
2025_08_CLE_NE,2025,REG,8,2025-10-26,Sunday,13:00,CLE,,NE,,Home,,,,2025102605,,,202510260nwe,,,,7,7,180.0,-218.0,5.5,-108.0,-112.0,42.5,-112.0,-108.0,0,outdoors,fieldturf,,,,,,,Kevin Stefanski,Mike Vrabel,,BOS00,Gillette Stadium,1,0.9990151
2025_08_NYG_PHI,2025,REG,8,2025-10-26,Sunday,13:00,NYG,,PHI,,Home,,,,2025102606,,,202510260phi,,,,7,7,390.0,-520.0,10.5,-110.0,-110.0,43.5,-110.0,-110.0,1,outdoors,grass,,,,,,,Brian Daboll,Nick Sirianni,,PHI00,Lincoln Financial Field,1,0.99932146
2025_08_TB_NO,2025,REG,8,2025-10-26,Sunday,16:05,TB,,NO,,Home,,,,2025102607,,,202510260nor,,,,6,7,-230.0,190.0,-5.5,-112.0,-108.0,45.5,-108.0,-112.0,1,dome,sportturf,,,,,,,Todd Bowles,Kellen Moore,,NOR00,Mercedes-Benz Superdome,0,0.0006593126
2025_08_DAL_DEN,2025,REG,8,2025-10-26,Sunday,16:25,DAL,,DEN,,Home,,,,2025102608,,,202510260den,,,,7,7,164.0,-198.0,4.5,-110.0,-110.0,45.5,-110.0,-110.0,0,outdoors,grass,,,,,,,Brian Schottenheimer,Sean Payton,,DEN00,Empower Field at Mile High,1,0.9848829
2025_08_TEN_IND,2025,REG,8,2025-10-26,Sunday,16:25,TEN,,IND,,Home,,,,2025102609,,,202510260clt,,,,7,7,145.0,-175.0,3.5,-110.0,-110.0,44.5,-110.0,-110.0,1,closed,fieldturf,,,,,,,Brian Callahan,Shane Steichen,,IND00,Lucas Oil Stadium,1,0.9646065
2025_08_GB_PIT,2025,REG,8,2025-10-26,Sunday,20:20,GB,,PIT,,Home,,,,2025102610,,,202510260pit,,,,7,10,-122.0,102.0,-1.5,-110.0,-110.0,44.5,-110.0,-110.0,0,outdoors,grass,,,,,,,Matt LaFleur,Mike Tomlin,,PIT00,Acrisure Stadium,0,0.017243417
2025_08_WAS_KC,2025,REG,8,2025-10-27,Monday,20:15,WAS,,KC,,Home,,,,2025102700,,,202510270kan,,,,8,8,160.0,-192.0,3.5,-105.0,-115.0,48.5,-110.0,-110.0,0,outdoors,grass,,,,,,,Dan Quinn,Andy Reid,,KAN00,GEHA Field at Arrowhead Stadium,0,0.0023980937
2025_09_BAL_MIA,2025,REG,9,2025-10-30,Thursday,20:15,BAL,,MIA,,Home,,,,2025103000,,,202510300mia,,,,4,4,-230.0,190.0,-5.5,-110.0,-110.0,47.5,-110.0,-110.0,0,outdoors,grass,,,,,,,John Harbaugh,Mike McDaniel,,MIA00,Hard Rock Stadium,0,0.002509768
2025_09_CHI_CIN,2025,REG,9,2025-11-02,Sunday,13:00,CHI,,CIN,,Home,,,,2025110200,,,202511020cin,,,,7,7,136.0,-162.0,3.0,-105.0,-115.0,48.5,-110.0,-110.0,0,outdoors,fieldturf,,,,,,,Ben Johnson,Zac Taylor,,CIN00,Paycor Stadium,1,0.9995499
2025_09_MIN_DET,2025,REG,9,2025-11-02,Sunday,13:00,MIN,,DET,,Home,,,,2025110201,,,202511020det,,,,10,13,164.0,-198.0,4.5,-110.0,-110.0,47.5,-110.0,-110.0,1,dome,fieldturf,,,,,,,Kevin O'Connell,Dan Campbell,,DET00,Ford Field,1,0.99979824
2025_09_CAR_GB,2025,REG,9,2025-11-02,Sunday,13:00,CAR,,GB,,Home,,,,2025110202,,,202511020gnb,,,,7,7,270.0,-340.0,7.5,-110.0,-110.0,45.5,-110.0,-110.0,0,outdoors,grass,,,,,,,Dave Canales,Matt LaFleur,,GNB00,Lambeau Field,0,0.038453866
2025_09_DEN_HOU,2025,REG,9,2025-11-02,Sunday,13:00,DEN,,HOU,,Home,,,,2025110203,,,202511020htx,,,,7,7,-115.0,-105.0,-1.5,-102.0,-118.0,45.5,-110.0,-110.0,0,closed,astroturf,,,,,,,Sean Payton,DeMeco Ryans,,HOU00,NRG Stadium,0,0.011452331
2025_09_ATL_NE,2025,REG,9,2025-11-02,Sunday,13:00,ATL,,NE,,Home,,,,2025110204,,,202511020nwe,,,,7,7,136.0,-162.0,3.0,-110.0,-110.0,44.5,-105.0,-115.0,0,outdoors,fieldturf,,,,,,,Raheem Morris,Mike Vrabel,,BOS00,Gillette Stadium,0,0.023006316
2025_09_SF_NYG,2025,REG,9,2025-11-02,Sunday,13:00,SF,,NYG,,Home,,,,2025110205,,,202511020nyg,,,,7,7,-180.0,150.0,-3.5,-110.0,-110.0,44.5,-110.0,-110.0,0,outdoors,fieldturf,,,,,,,Kyle Shanahan,Brian Daboll,,NYC01,MetLife Stadium,0,0.0038210715
2025_09_IND_PIT,2025,REG,9,2025-11-02,Sunday,13:00,IND,,PIT,,Home,,,,2025110206,,,202511020pit,,,,7,7,145.0,-175.0,3.5,-110.0,-110.0,44.5,-115.0,-105.0,0,outdoors,grass,,,,,,,Shane Steichen,Mike Tomlin,,PIT00,Acrisure Stadium,0,0.02114399
2025_09_LAC_TEN,2025,REG,9,2025-11-02,Sunday,13:00,LAC,,TEN,,Home,,,,2025110207,,,202511020oti,,,,10,7,-198.0,164.0,-4.5,-110.0,-110.0,44.5,-110.0,-110.0,0,outdoors,grass,,,,,,,Jim Harbaugh,Brian Callahan,,NAS00,Nissan Stadium,0,0.021725591
2025_09_NO_LA,2025,REG,9,2025-11-02,Sunday,16:05,NO,,LA,,Home,,,,2025110208,,,202511020ram,,,,7,14,320.0,-410.0,9.5,-110.0,-110.0,44.5,-110.0,-110.0,0,dome,matrixturf,,,,,,,Kellen Moore,Sean McVay,,LAX01,SoFi Stadium,1,0.99836797
2025_09_JAX_LV,2025,REG,9,2025-11-02,Sunday,16:05,JAX,,LV,,Home,,,,2025110209,,,202511020rai,,,,14,14,102.0,-122.0,1.5,-112.0,-108.0,45.5,-108.0,-112.0,0,dome,grass,,,,,,,Liam Coen,Pete Carroll,,VEG00,Allegiant Stadium,0,0.004745299
2025_09_KC_BUF,2025,REG,9,2025-11-02,Sunday,16:25,KC,,BUF,,Home,,,,2025110210,,,202511020buf,,,,6,7,114.0,-135.0,2.5,-110.0,-110.0,48.5,-110.0,-110.0,0,outdoors,a_turf,,,,,,,Andy Reid,Sean McDermott,,BUF00,New Era Field,1,0.99852705
2025_09_SEA_WAS,2025,REG,9,2025-11-02,Sunday,20:20,SEA,,WAS,,Home,,,,2025110211,,,202511020was,,,,13,6,185.0,-225.0,5.5,-115.0,-105.0,47.5,-110.0,-110.0,0,outdoors,grass,,,,,,,Mike Macdonald,Dan Quinn,,WAS00,FedExField,1,0.99882704
2025_09_ARI_DAL,2025,REG,9,2025-11-03,Monday,20:15,ARI,,DAL,,Home,,,,2025110300,,,202511030dal,,,,15,8,102.0,-122.0,1.5,-110.0,-110.0,47.5,-110.0,-110.0,0,closed,matrixturf,,,,,,,Jonathan Gannon,Brian Schottenheimer,,DAL00,AT&T Stadium,0,0.038594645
2025_10_LV_DEN,2025,REG,10,2025-11-06,Thursday,20:15,LV,,DEN,,Home,,,,2025110600,,,202511060den,,,,4,4,260.0,-325.0,6.5,-110.0,-110.0,43.5,-110.0,-110.0,1,outdoors,grass,,,,,,,Pete Carroll,Sean Payton,,DEN00,Empower Field at Mile High,1,0.99971455
2025_10_ATL_IND,2025,REG,10,2025-11-09,Sunday,09:30,ATL,,IND,,Neutral,,,,2025110900,,,202511090clt,,,,7,7,-112.0,-108.0,-1.5,-102.0,-118.0,44.5,-110.0,-110.0,0,closed,fieldturf,,,,,,,Raheem Morris,Shane Steichen,,IND00,Lucas Oil Stadium,0,0.13992682
2025_10_NO_CAR,2025,REG,10,2025-11-09,Sunday,13:00,NO,,CAR,,Home,,,,2025110901,,,202511090car,,,,7,7,160.0,-192.0,4.5,-115.0,-105.0,43.5,-110.0,-110.0,1,outdoors,grass,,,,,,,Kellen Moore,Dave Canales,,CAR00,Bank of America Stadium,1,0.99947816
2025_10_NYG_CHI,2025,REG,10,2025-11-09,Sunday,13:00,NYG,,CHI,,Home,,,,2025110902,,,202511090chi,,,,7,7,180.0,-218.0,5.5,-110.0,-110.0,43.5,-110.0,-110.0,0,outdoors,grass,,,,,,,Brian Daboll,Ben Johnson,,CHI98,Soldier Field,0,0.14551008
2025_10_JAX_HOU,2025,REG,10,2025-11-09,Sunday,13:00,JAX,,HOU,,Home,,,,2025110903,,,202511090htx,,,,7,7,145.0,-175.0,3.5,-110.0,-110.0,45.5,-110.0,-110.0,1,closed,astroturf,,,,,,,Liam Coen,DeMeco Ryans,,HOU00,NRG Stadium,0,0.028921707
2025_10_BUF_MIA,2025,REG,10,2025-11-09,Sunday,13:00,BUF,,MIA,,Home,,,,2025110904,,,202511090mia,,,,7,10,-225.0,185.0,-5.5,-110.0,-110.0,48.5,-115.0,-105.0,1,outdoors,grass,,,,,,,Sean McDermott,Mike McDaniel,,MIA00,Hard Rock Stadium,0,0.0048002466
2025_10_BAL_MIN,2025,REG,10,2025-11-09,Sunday,13:00,BAL,,MIN,,Home,,,,2025110905,,,202511090min,,,,10,7,-180.0,150.0,-3.5,-105.0,-115.0,46.5,-105.0,-115.0,0,dome,sportturf,,,,,,,John Harbaugh,Kevin O'Connell,,MIN01,U.S. Bank Stadium,0,0.0005123392
2025_10_CLE_NYJ,2025,REG,10,2025-11-09,Sunday,13:00,CLE,,NYJ,,Home,,,,2025110906,,,202511090nyj,,,,14,14,114.0,-135.0,2.5,-110.0,-110.0,40.5,-110.0,-110.0,0,outdoors,fieldturf,,,,,,,Kevin Stefanski,Aaron Glenn,,NYC01,MetLife Stadium,1,0.99843985
2025_10_NE_TB,2025,REG,10,2025-11-09,Sunday,13:00,NE,,TB,,Home,,,,2025110907,,,202511090tam,,,,7,14,170.0,-205.0,4.5,-110.0,-110.0,46.5,-110.0,-110.0,0,outdoors,grass,,,,,,,Mike Vrabel,Todd Bowles,,TAM00,Raymond James Stadium,1,0.9991561
2025_10_ARI_SEA,2025,REG,10,2025-11-09,Sunday,16:05,ARI,,SEA,,Home,,,,2025110908,,,202511090sea,,,,6,7,100.0,-120.0,1.5,-110.0,-110.0,45.5,-110.0,-110.0,1,outdoors,fieldturf,,,,,,,Jonathan Gannon,Mike Macdonald,,SEA00,Lumen Field,0,0.013404996
2025_10_LA_SF,2025,REG,10,2025-11-09,Sunday,16:25,LA,,SF,,Home,,,,2025110909,,,202511090sfo,,,,7,7,102.0,-122.0,1.5,-110.0,-110.0,46.5,-110.0,-110.0,1,outdoors,grass,,,,,,,Sean McVay,Kyle Shanahan,,SFO01,Levi's Stadium,1,0.92563826
2025_10_DET_WAS,2025,REG,10,2025-11-09,Sunday,16:25,DET,,WAS,,Home,,,,2025110910,,,202511090was,,,,7,7,102.0,-122.0,1.5,-110.0,-110.0,49.5,-105.0,-115.0,0,outdoors,grass,,,,,,,Dan Campbell,Dan Quinn,,WAS00,FedExField,0,0.10767058
2025_10_PIT_LAC,2025,REG,10,2025-11-09,Sunday,20:20,PIT,,LAC,,Home,,,,2025110911,,,202511090sdg,,,,7,7,164.0,-198.0,4.5,-110.0,-110.0,43.5,-110.0,-110.0,0,dome,matrixturf,,,,,,,Mike Tomlin,Jim Harbaugh,,LAX01,SoFi Stadium,1,0.9943666
2025_10_PHI_GB,2025,REG,10,2025-11-10,Monday,20:15,PHI,,GB,,Home,,,,2025111000,,,202511100gnb,,,,15,8,-122.0,102.0,-1.5,-110.0,-110.0,45.5,-110.0,-110.0,0,outdoors,grass,,,,,,,Nick Sirianni,Matt LaFleur,,GNB00,Lambeau Field,0,0.020502176
2025_11_NYJ_NE,2025,REG,11,2025-11-13,Thursday,20:15,NYJ,,NE,,Home,,,,2025111300,,,202511130nwe,,,,4,4,185.0,-225.0,5.5,-110.0,-110.0,42.5,-110.0,-110.0,1,outdoors,fieldturf,,,,,,,Aaron Glenn,Mike Vrabel,,BOS00,Gillette Stadium,0,0.020205595
2025_11_WAS_MIA,2025,REG,11,2025-11-16,Sunday,09:30,WAS,,MIA,,Neutral,,,,2025111600,,,202511160mia,,,,7,7,-205.0,170.0,-4.5,-110.0,-110.0,48.5,-110.0,-110.0,0,outdoors,grass,,,,,,,Dan Quinn,Mike McDaniel,,MIA00,Hard Rock Stadium,0,0.0076289135
2025_11_CAR_ATL,2025,REG,11,2025-11-16,Sunday,13:00,CAR,,ATL,,Home,,,,2025111601,,,202511160atl,,,,7,7,136.0,-162.0,3.0,-115.0,-105.0,45.5,-110.0,-110.0,1,closed,fieldturf,,,,,,,Dave Canales,Raheem Morris,,ATL97,Mercedes-Benz Stadium,1,0.6895619
2025_11_TB_BUF,2025,REG,11,2025-11-16,Sunday,13:00,TB,,BUF,,Home,,,,2025111602,,,202511160buf,,,,7,7,185.0,-225.0,5.5,-110.0,-110.0,49.5,-110.0,-110.0,0,outdoors,a_turf,,,,,,,Todd Bowles,Sean McDermott,,BUF00,New Era Field,0,0.04910902
2025_11_LAC_JAX,2025,REG,11,2025-11-16,Sunday,13:00,LAC,,JAX,,Home,,,,2025111603,,,202511160jax,,,,7,7,-122.0,102.0,-1.5,-110.0,-110.0,46.5,-115.0,-105.0,0,outdoors,grass,,,,,,,Jim Harbaugh,Liam Coen,,JAX00,TIAA Bank Stadium,0,0.379227
2025_11_CHI_MIN,2025,REG,11,2025-11-16,Sunday,13:00,CHI,,MIN,,Home,,,,2025111604,,,202511160min,,,,7,7,110.0,-130.0,2.5,-110.0,-110.0,45.5,-110.0,-110.0,1,dome,sportturf,,,,,,,Ben Johnson,Kevin O'Connell,,MIN01,U.S. Bank Stadium,1,0.96882355
2025_11_GB_NYG,2025,REG,11,2025-11-16,Sunday,13:00,GB,,NYG,,Home,,,,2025111605,,,202511160nyg,,,,6,7,-198.0,164.0,-4.5,-110.0,-110.0,43.5,-110.0,-110.0,0,outdoors,fieldturf,,,,,,,Matt LaFleur,Brian Daboll,,NYC01,MetLife Stadium,0,0.0034558726
2025_11_CIN_PIT,2025,REG,11,2025-11-16,Sunday,13:00,CIN,,PIT,,Home,,,,2025111606,,,202511160pit,,,,14,7,-120.0,100.0,-1.5,-108.0,-112.0,46.5,-110.0,-110.0,1,outdoors,grass,,,,,,,Zac Taylor,Mike Tomlin,,PIT00,Acrisure Stadium,0,0.008829226
2025_11_HOU_TEN,2025,REG,11,2025-11-16,Sunday,13:00,HOU,,TEN,,Home,,,,2025111607,,,202511160oti,,,,7,14,-162.0,136.0,-3.0,-110.0,-110.0,43.5,-110.0,-110.0,1,outdoors,grass,,,,,,,DeMeco Ryans,Brian Callahan,,NAS00,Nissan Stadium,1,0.9777715
2025_11_SF_ARI,2025,REG,11,2025-11-16,Sunday,16:05,SF,,ARI,,Home,,,,2025111608,,,202511160crd,,,,7,7,-122.0,102.0,-1.5,-108.0,-112.0,47.5,-110.0,-110.0,1,closed,grass,,,,,,,Kyle Shanahan,Jonathan Gannon,,PHO00,State Farm Stadium,1,0.9883227
2025_11_SEA_LA,2025,REG,11,2025-11-16,Sunday,16:05,SEA,,LA,,Home,,,,2025111609,,,202511160ram,,,,7,7,164.0,-198.0,4.5,-110.0,-110.0,45.5,-110.0,-110.0,1,dome,matrixturf,,,,,,,Mike Macdonald,Sean McVay,,LAX01,SoFi Stadium,1,0.81505126
2025_11_BAL_CLE,2025,REG,11,2025-11-16,Sunday,16:25,BAL,,CLE,,Home,,,,2025111610,,,202511160cle,,,,7,7,-380.0,300.0,-8.5,-115.0,-105.0,44.5,-115.0,-105.0,1,outdoors,grass,,,,,,,John Harbaugh,Kevin Stefanski,,CLE00,FirstEnergy Stadium,0,0.00032846493
2025_11_KC_DEN,2025,REG,11,2025-11-16,Sunday,16:25,KC,,DEN,,Home,,,,2025111611,,,202511160den,,,,14,10,-120.0,100.0,-1.5,-110.0,-110.0,45.5,-110.0,-110.0,1,outdoors,grass,,,,,,,Andy Reid,Sean Payton,,DEN00,Empower Field at Mile High,1,0.9962006
2025_11_DET_PHI,2025,REG,11,2025-11-16,Sunday,20:20,DET,,PHI,,Home,,,,2025111612,,,202511160phi,,,,7,6,150.0,-180.0,3.5,-110.0,-110.0,47.5,-110.0,-110.0,0,outdoors,grass,,,,,,,Dan Campbell,Nick Sirianni,,PHI00,Lincoln Financial Field,0,0.11417719
2025_11_DAL_LV,2025,REG,11,2025-11-17,Monday,20:15,DAL,,LV,,Home,,,,2025111700,,,202511170rai,,,,14,11,-120.0,100.0,-1.5,-105.0,-115.0,45.5,-110.0,-110.0,0,dome,grass,,,,,,,Brian Schottenheimer,Pete Carroll,,VEG00,Allegiant Stadium,0,0.0013873574
2025_12_BUF_HOU,2025,REG,12,2025-11-20,Thursday,20:15,BUF,,HOU,,Home,,,,2025112000,,,202511200htx,,,,4,4,-175.0,145.0,-3.5,-110.0,-110.0,46.5,-105.0,-115.0,0,closed,astroturf,,,,,,,Sean McDermott,DeMeco Ryans,,HOU00,NRG Stadium,0,0.0014718573
2025_12_NYJ_BAL,2025,REG,12,2025-11-23,Sunday,13:00,NYJ,,BAL,,Home,,,,2025112300,,,202511230rav,,,,10,7,425.0,-575.0,11.5,-110.0,-110.0,44.5,-110.0,-110.0,0,outdoors,grass,,,,,,,Aaron Glenn,John Harbaugh,,BAL00,M&T Bank Stadium,1,0.99785894
2025_12_PIT_CHI,2025,REG,12,2025-11-23,Sunday,13:00,PIT,,CHI,,Home,,,,2025112301,,,202511230chi,,,,7,7,110.0,-130.0,2.5,-110.0,-110.0,44.5,-110.0,-110.0,0,outdoors,grass,,,,,,,Mike Tomlin,Ben Johnson,,CHI98,Soldier Field,0,0.089885585
2025_12_NE_CIN,2025,REG,12,2025-11-23,Sunday,13:00,NE,,CIN,,Home,,,,2025112302,,,202511230cin,,,,10,7,170.0,-205.0,4.5,-110.0,-110.0,47.5,-110.0,-110.0,0,outdoors,fieldturf,,,,,,,Mike Vrabel,Zac Taylor,,CIN00,Paycor Stadium,1,0.99838877
2025_12_NYG_DET,2025,REG,12,2025-11-23,Sunday,13:00,NYG,,DET,,Home,,,,2025112303,,,202511230det,,,,7,7,310.0,-395.0,8.5,-110.0,-110.0,45.5,-110.0,-110.0,0,dome,fieldturf,,,,,,,Brian Daboll,Dan Campbell,,DET00,Ford Field,1,0.9997981
2025_12_MIN_GB,2025,REG,12,2025-11-23,Sunday,13:00,MIN,,GB,,Home,,,,2025112304,,,202511230gnb,,,,7,7,145.0,-175.0,3.5,-110.0,-110.0,45.5,-110.0,-110.0,1,outdoors,grass,,,,,,,Kevin O'Connell,Matt LaFleur,,GNB00,Lambeau Field,1,0.9912129
2025_12_IND_KC,2025,REG,12,2025-11-23,Sunday,13:00,IND,,KC,,Home,,,,2025112305,,,202511230kan,,,,14,7,320.0,-410.0,9.5,-110.0,-110.0,45.5,-110.0,-110.0,0,outdoors,grass,,,,,,,Shane Steichen,Andy Reid,,KAN00,GEHA Field at Arrowhead Stadium,0,0.031481143
2025_12_SEA_TEN,2025,REG,12,2025-11-23,Sunday,13:00,SEA,,TEN,,Home,,,,2025112306,,,202511230oti,,,,7,7,-120.0,100.0,-1.5,-110.0,-110.0,44.5,-110.0,-110.0,0,outdoors,grass,,,,,,,Mike Macdonald,Brian Callahan,,NAS00,Nissan Stadium,0,0.03682494
2025_12_JAX_ARI,2025,REG,12,2025-11-23,Sunday,16:05,JAX,,ARI,,Home,,,,2025112307,,,202511230crd,,,,7,7,130.0,-155.0,3.0,-105.0,-115.0,47.5,-110.0,-110.0,0,closed,grass,,,,,,,Liam Coen,Jonathan Gannon,,PHO00,State Farm Stadium,1,0.9950718
2025_12_CLE_LV,2025,REG,12,2025-11-23,Sunday,16:05,CLE,,LV,,Home,,,,2025112308,,,202511230rai,,,,7,6,145.0,-175.0,3.5,-110.0,-110.0,41.5,-108.0,-112.0,0,dome,grass,,,,,,,Kevin Stefanski,Pete Carroll,,VEG00,Allegiant Stadium,1,0.98901623
2025_12_PHI_DAL,2025,REG,12,2025-11-23,Sunday,16:25,PHI,,DAL,,Home,,,,2025112309,,,202511230dal,,,,7,6,-198.0,164.0,-4.5,-110.0,-110.0,46.5,-110.0,-110.0,1,closed,matrixturf,,,,,,,Nick Sirianni,Brian Schottenheimer,,DAL00,AT&T Stadium,0,0.05454532
2025_12_ATL_NO,2025,REG,12,2025-11-23,Sunday,16:25,ATL,,NO,,Home,,,,2025112310,,,202511230nor,,,,7,14,-125.0,105.0,-2.5,-105.0,-115.0,43.5,-110.0,-110.0,1,dome,sportturf,,,,,,,Raheem Morris,Kellen Moore,,NOR00,Mercedes-Benz Superdome,0,0.0021394396
2025_12_TB_LA,2025,REG,12,2025-11-23,Sunday,20:20,TB,,LA,,Home,,,,2025112311,,,202511230ram,,,,7,7,114.0,-135.0,2.5,-105.0,-115.0,47.5,-110.0,-110.0,0,dome,matrixturf,,,,,,,Todd Bowles,Sean McVay,,LAX01,SoFi Stadium,0,0.0061906455
2025_12_CAR_SF,2025,REG,12,2025-11-24,Monday,20:15,CAR,,SF,,Home,,,,2025112400,,,202511240sfo,,,,8,8,240.0,-298.0,7.0,-115.0,-105.0,46.5,-110.0,-110.0,0,outdoors,grass,,,,,,,Dave Canales,Kyle Shanahan,,SFO01,Levi's Stadium,1,0.6424419
2025_13_GB_DET,2025,REG,13,2025-11-27,Thursday,13:00,GB,,DET,,Home,,,,2025112700,,,202511270det,,,,4,4,124.0,-148.0,2.5,-102.0,-118.0,48.5,-110.0,-110.0,1,dome,fieldturf,,,,,,,Matt LaFleur,Dan Campbell,,DET00,Ford Field,1,0.99822634
2025_13_KC_DAL,2025,REG,13,2025-11-27,Thursday,16:30,KC,,DAL,,Home,,,,2025112701,,,202511270dal,,,,4,4,-235.0,190.0,-5.5,-110.0,-110.0,47.5,-110.0,-110.0,0,closed,matrixturf,,,,,,,Andy Reid,Brian Schottenheimer,,DAL00,AT&T Stadium,1,0.892908
2025_13_CIN_BAL,2025,REG,13,2025-11-27,Thursday,20:20,CIN,,BAL,,Home,,,,2025112702,,,202511270rav,,,,4,4,185.0,-225.0,5.5,-110.0,-110.0,49.5,-110.0,-110.0,1,outdoors,grass,,,,,,,Zac Taylor,John Harbaugh,,BAL00,M&T Bank Stadium,1,0.9973701
2025_13_CHI_PHI,2025,REG,13,2025-11-28,Friday,15:00,CHI,,PHI,,Home,,,,2025112800,,,202511280phi,,,,5,5,245.0,-305.0,7.0,-110.0,-110.0,46.5,-110.0,-110.0,0,outdoors,grass,,,,,,,Ben Johnson,Nick Sirianni,,PHI00,Lincoln Financial Field,1,0.99949837
2025_13_LA_CAR,2025,REG,13,2025-11-30,Sunday,13:00,LA,,CAR,,Home,,,,2025113000,,,202511300car,,,,7,6,-175.0,145.0,-3.5,-110.0,-110.0,45.5,-110.0,-110.0,0,outdoors,grass,,,,,,,Sean McVay,Dave Canales,,CAR00,Bank of America Stadium,1,0.9652103
2025_13_SF_CLE,2025,REG,13,2025-11-30,Sunday,13:00,SF,,CLE,,Home,,,,2025113001,,,202511300cle,,,,6,7,-245.0,200.0,-6.0,-110.0,-110.0,42.5,-110.0,-110.0,0,outdoors,grass,,,,,,,Kyle Shanahan,Kevin Stefanski,,CLE00,FirstEnergy Stadium,0,0.0006557513
2025_13_HOU_IND,2025,REG,13,2025-11-30,Sunday,13:00,HOU,,IND,,Home,,,,2025113002,,,202511300clt,,,,10,7,-122.0,102.0,-1.5,-110.0,-110.0,44.5,-110.0,-110.0,1,closed,fieldturf,,,,,,,DeMeco Ryans,Shane Steichen,,IND00,Lucas Oil Stadium,1,0.99121
2025_13_NO_MIA,2025,REG,13,2025-11-30,Sunday,13:00,NO,,MIA,,Home,,,,2025113003,,,202511300mia,,,,7,14,195.0,-238.0,6.0,-110.0,-110.0,44.5,-110.0,-110.0,0,outdoors,grass,,,,,,,Kellen Moore,Mike McDaniel,,MIA00,Hard Rock Stadium,1,0.99705017
2025_13_ATL_NYJ,2025,REG,13,2025-11-30,Sunday,13:00,ATL,,NYJ,,Home,,,,2025113004,,,202511300nyj,,,,7,7,-122.0,102.0,-1.5,-110.0,-110.0,43.5,-110.0,-110.0,0,outdoors,fieldturf,,,,,,,Raheem Morris,Aaron Glenn,,NYC01,MetLife Stadium,0,0.41793454
2025_13_ARI_TB,2025,REG,13,2025-11-30,Sunday,13:00,ARI,,TB,,Home,,,,2025113005,,,202511300tam,,,,7,7,145.0,-175.0,3.5,-110.0,-110.0,48.5,-110.0,-110.0,0,outdoors,grass,,,,,,,Jonathan Gannon,Todd Bowles,,TAM00,Raymond James Stadium,1,0.9898662
2025_13_JAX_TEN,2025,REG,13,2025-11-30,Sunday,13:00,JAX,,TEN,,Home,,,,2025113006,,,202511300oti,,,,7,7,-120.0,100.0,-1.5,-108.0,-112.0,45.5,-110.0,-110.0,1,outdoors,grass,,,,,,,Liam Coen,Brian Callahan,,NAS00,Nissan Stadium,0,0.056707848
2025_13_MIN_SEA,2025,REG,13,2025-11-30,Sunday,16:05,MIN,,SEA,,Home,,,,2025113007,,,202511300sea,,,,7,7,100.0,-120.0,1.5,-115.0,-105.0,43.5,-110.0,-110.0,0,outdoors,fieldturf,,,,,,,Kevin O'Connell,Mike Macdonald,,SEA00,Lumen Field,1,0.9671997
2025_13_LV_LAC,2025,REG,13,2025-11-30,Sunday,16:25,LV,,LAC,,Home,,,,2025113008,,,202511300sdg,,,,7,14,215.0,-265.0,6.5,-110.0,-110.0,44.5,-112.0,-108.0,1,dome,matrixturf,,,,,,,Pete Carroll,Jim Harbaugh,,LAX01,SoFi Stadium,1,0.9990645
2025_13_BUF_PIT,2025,REG,13,2025-11-30,Sunday,16:25,BUF,,PIT,,Home,,,,2025113009,,,202511300pit,,,,10,7,-198.0,164.0,-4.5,-115.0,-105.0,46.5,-110.0,-110.0,0,outdoors,grass,,,,,,,Sean McDermott,Mike Tomlin,,PIT00,Acrisure Stadium,0,0.0014750536
2025_13_DEN_WAS,2025,REG,13,2025-11-30,Sunday,20:20,DEN,,WAS,,Home,,,,2025113010,,,202511300was,,,,14,14,110.0,-130.0,2.5,-110.0,-110.0,46.5,-110.0,-110.0,0,outdoors,grass,,,,,,,Sean Payton,Dan Quinn,,WAS00,FedExField,1,0.9949051
2025_13_NYG_NE,2025,REG,13,2025-12-01,Monday,20:15,NYG,,NE,,Home,,,,2025120100,,,202512010nwe,,,,8,8,130.0,-155.0,3.0,-105.0,-115.0,42.5,-110.0,-110.0,0,outdoors,fieldturf,,,,,,,Brian Daboll,Mike Vrabel,,BOS00,Gillette Stadium,1,0.98855865
2025_14_DAL_DET,2025,REG,14,2025-12-04,Thursday,20:15,DAL,,DET,,Home,,,,2025120400,,,202512040det,,,,7,7,205.0,-250.0,6.0,-105.0,-115.0,48.5,-110.0,-110.0,0,dome,fieldturf,,,,,,,Brian Schottenheimer,Dan Campbell,,DET00,Ford Field,1,0.99858296
2025_14_SEA_ATL,2025,REG,14,2025-12-07,Sunday,13:00,SEA,,ATL,,Home,,,,2025120700,,,202512070atl,,,,7,7,102.0,-122.0,1.5,-108.0,-112.0,45.5,-112.0,-108.0,0,closed,fieldturf,,,,,,,Mike Macdonald,Raheem Morris,,ATL97,Mercedes-Benz Stadium,1,0.95229506
2025_14_PIT_BAL,2025,REG,14,2025-12-07,Sunday,13:00,PIT,,BAL,,Home,,,,2025120701,,,202512070rav,,,,7,10,310.0,-395.0,8.5,-110.0,-110.0,46.5,-110.0,-110.0,1,outdoors,grass,,,,,,,Mike Tomlin,John Harbaugh,,BAL00,M&T Bank Stadium,1,0.9992798
2025_14_TEN_CLE,2025,REG,14,2025-12-07,Sunday,13:00,TEN,,CLE,,Home,,,,2025120702,,,202512070cle,,,,7,7,102.0,-122.0,1.5,-110.0,-110.0,41.5,-110.0,-110.0,0,outdoors,grass,,,,,,,Brian Callahan,Kevin Stefanski,,CLE00,FirstEnergy Stadium,0,0.0018921574
2025_14_CHI_GB,2025,REG,14,2025-12-07,Sunday,13:00,CHI,,GB,,Home,,,,2025120703,,,202512070gnb,,,,9,10,154.0,-185.0,3.5,-105.0,-115.0,46.5,-115.0,-105.0,1,outdoors,grass,,,,,,,Ben Johnson,Matt LaFleur,,GNB00,Lambeau Field,1,0.9975473
2025_14_IND_JAX,2025,REG,14,2025-12-07,Sunday,13:00,IND,,JAX,,Home,,,,2025120704,,,202512070jax,,,,7,7,136.0,-162.0,3.0,-110.0,-110.0,46.5,-110.0,-110.0,1,outdoors,grass,,,,,,,Shane Steichen,Liam Coen,,JAX00,TIAA Bank Stadium,1,0.5457103
2025_14_WAS_MIN,2025,REG,14,2025-12-07,Sunday,13:00,WAS,,MIN,,Home,,,,2025120705,,,202512070min,,,,7,7,-122.0,102.0,-1.5,-105.0,-115.0,47.5,-110.0,-110.0,0,dome,sportturf,,,,,,,Dan Quinn,Kevin O'Connell,,MIN01,U.S. Bank Stadium,0,0.0011242856
2025_14_MIA_NYJ,2025,REG,14,2025-12-07,Sunday,13:00,MIA,,NYJ,,Home,,,,2025120706,,,202512070nyj,,,,7,7,-120.0,100.0,-1.5,-110.0,-110.0,43.5,-110.0,-110.0,1,outdoors,fieldturf,,,,,,,Mike McDaniel,Aaron Glenn,,NYC01,MetLife Stadium,1,0.87389755
2025_14_NO_TB,2025,REG,14,2025-12-07,Sunday,13:00,NO,,TB,,Home,,,,2025120707,,,202512070tam,,,,7,7,330.0,-425.0,9.5,-112.0,-108.0,45.5,-110.0,-110.0,1,outdoors,grass,,,,,,,Kellen Moore,Todd Bowles,,TAM00,Raymond James Stadium,1,0.9998356
2025_14_DEN_LV,2025,REG,14,2025-12-07,Sunday,16:05,DEN,,LV,,Home,,,,2025120708,,,202512070rai,,,,7,7,-175.0,145.0,-3.5,-110.0,-110.0,43.5,-110.0,-110.0,1,dome,grass,,,,,,,Sean Payton,Pete Carroll,,VEG00,Allegiant Stadium,0,0.0019262698
2025_14_LA_ARI,2025,REG,14,2025-12-07,Sunday,16:25,LA,,ARI,,Home,,,,2025120709,,,202512070crd,,,,7,7,-118.0,-102.0,-1.5,-105.0,-115.0,47.5,-110.0,-110.0,1,closed,grass,,,,,,,Sean McVay,Jonathan Gannon,,PHO00,State Farm Stadium,1,0.9962196
2025_14_CIN_BUF,2025,REG,14,2025-12-07,Sunday,16:25,CIN,,BUF,,Home,,,,2025120710,,,202512070buf,,,,10,7,190.0,-230.0,5.5,-110.0,-110.0,49.5,-110.0,-110.0,0,outdoors,a_turf,,,,,,,Zac Taylor,Sean McDermott,,BUF00,New Era Field,1,0.9791692
2025_14_HOU_KC,2025,REG,14,2025-12-07,Sunday,20:20,HOU,,KC,,Home,,,,2025120711,,,202512070kan,,,,7,10,215.0,-265.0,6.5,-110.0,-110.0,45.5,-115.0,-105.0,0,outdoors,grass,,,,,,,DeMeco Ryans,Andy Reid,,KAN00,GEHA Field at Arrowhead Stadium,1,0.95439684
2025_14_PHI_LAC,2025,REG,14,2025-12-08,Monday,20:15,PHI,,LAC,,Home,,,,2025120800,,,202512080sdg,,,,10,8,-130.0,110.0,-2.5,-110.0,-110.0,45.5,-110.0,-110.0,0,dome,matrixturf,,,,,,,Nick Sirianni,Jim Harbaugh,,LAX01,SoFi Stadium,0,0.032036256
2025_15_ATL_TB,2025,REG,15,2025-12-11,Thursday,20:15,ATL,,TB,,Home,,,,2025121100,,,202512110tam,,,,4,4,180.0,-218.0,5.5,-108.0,-112.0,47.5,-110.0,-110.0,1,outdoors,grass,,,,,,,Raheem Morris,Todd Bowles,,TAM00,Raymond James Stadium,1,0.9924555
2025_15_CLE_CHI,2025,REG,15,2025-12-14,Sunday,13:00,CLE,,CHI,,Home,,,,2025121400,,,202512140chi,,,,7,7,235.0,-290.0,7.0,-110.0,-110.0,42.5,-110.0,-110.0,0,outdoors,grass,,,,,,,Kevin Stefanski,Ben Johnson,,CHI98,Soldier Field,1,0.99064213
2025_15_BAL_CIN,2025,REG,15,2025-12-14,Sunday,13:00,BAL,,CIN,,Home,,,,2025121401,,,202512140cin,,,,7,7,-130.0,110.0,-2.5,-110.0,-110.0,49.5,-110.0,-110.0,1,outdoors,fieldturf,,,,,,,John Harbaugh,Zac Taylor,,CIN00,Paycor Stadium,0,0.02631771
2025_15_ARI_HOU,2025,REG,15,2025-12-14,Sunday,13:00,ARI,,HOU,,Home,,,,2025121402,,,202512140htx,,,,7,7,110.0,-130.0,2.5,-115.0,-105.0,45.5,-110.0,-110.0,0,closed,astroturf,,,,,,,Jonathan Gannon,DeMeco Ryans,,HOU00,NRG Stadium,0,0.0038755678
2025_15_NYJ_JAX,2025,REG,15,2025-12-14,Sunday,13:00,NYJ,,JAX,,Home,,,,2025121403,,,202512140jax,,,,7,7,164.0,-198.0,4.5,-110.0,-110.0,43.5,-110.0,-110.0,0,outdoors,grass,,,,,,,Aaron Glenn,Liam Coen,,JAX00,TIAA Bank Stadium,0,0.20530629
2025_15_LAC_KC,2025,REG,15,2025-12-14,Sunday,13:00,LAC,,KC,,Home,,,,2025121404,,,202512140kan,,,,6,7,164.0,-198.0,4.5,-110.0,-110.0,45.5,-110.0,-110.0,1,outdoors,grass,,,,,,,Jim Harbaugh,Andy Reid,,KAN00,GEHA Field at Arrowhead Stadium,0,0.019589825
2025_15_BUF_NE,2025,REG,15,2025-12-14,Sunday,13:00,BUF,,NE,,Home,,,,2025121405,,,202512140nwe,,,,7,13,-205.0,170.0,-4.5,-110.0,-110.0,46.5,-110.0,-110.0,1,outdoors,fieldturf,,,,,,,Sean McDermott,Mike Vrabel,,BOS00,Gillette Stadium,0,0.0027775709
2025_15_WAS_NYG,2025,REG,15,2025-12-14,Sunday,13:00,WAS,,NYG,,Home,,,,2025121406,,,202512140nyg,,,,7,13,-205.0,170.0,-4.5,-110.0,-110.0,45.5,-110.0,-110.0,1,outdoors,fieldturf,,,,,,,Dan Quinn,Brian Daboll,,NYC01,MetLife Stadium,0,0.0013054053
2025_15_LV_PHI,2025,REG,15,2025-12-14,Sunday,13:00,LV,,PHI,,Home,,,,2025121407,,,202512140phi,,,,7,6,380.0,-500.0,10.5,-110.0,-110.0,44.5,-110.0,-110.0,0,outdoors,grass,,,,,,,Pete Carroll,Nick Sirianni,,PHI00,Lincoln Financial Field,1,0.9994344
2025_15_GB_DEN,2025,REG,15,2025-12-14,Sunday,16:25,GB,,DEN,,Home,,,,2025121408,,,202512140den,,,,7,7,102.0,-122.0,1.5,-110.0,-110.0,44.5,-110.0,-110.0,0,outdoors,grass,,,,,,,Matt LaFleur,Sean Payton,,DEN00,Empower Field at Mile High,1,0.9839458
2025_15_DET_LA,2025,REG,15,2025-12-14,Sunday,16:25,DET,,LA,,Home,,,,2025121409,,,202512140ram,,,,10,7,-115.0,-105.0,-1.5,-105.0,-115.0,48.5,-110.0,-110.0,0,dome,matrixturf,,,,,,,Dan Campbell,Sean McVay,,LAX01,SoFi Stadium,0,0.0066864216
2025_15_CAR_NO,2025,REG,15,2025-12-14,Sunday,16:25,CAR,,NO,,Home,,,,2025121410,,,202512140nor,,,,14,7,-120.0,100.0,-1.5,-108.0,-112.0,43.5,-110.0,-110.0,1,dome,sportturf,,,,,,,Dave Canales,Kellen Moore,,NOR00,Mercedes-Benz Superdome,0,0.0024464384
2025_15_IND_SEA,2025,REG,15,2025-12-14,Sunday,16:25,IND,,SEA,,Home,,,,2025121411,,,202512140sea,,,,7,7,145.0,-175.0,3.5,-110.0,-110.0,44.5,-110.0,-110.0,0,outdoors,fieldturf,,,,,,,Shane Steichen,Mike Macdonald,,SEA00,Lumen Field,0,0.16069442
2025_15_TEN_SF,2025,REG,15,2025-12-14,Sunday,16:25,TEN,,SF,,Home,,,,2025121412,,,202512140sfo,,,,7,14,270.0,-340.0,7.5,-110.0,-110.0,45.5,-110.0,-110.0,0,outdoors,grass,,,,,,,Brian Callahan,Kyle Shanahan,,SFO01,Levi's Stadium,1,0.994565
2025_15_MIN_DAL,2025,REG,15,2025-12-14,Sunday,20:20,MIN,,DAL,,Home,,,,2025121413,,,202512140dal,,,,7,10,-120.0,100.0,-1.5,-105.0,-115.0,45.5,-110.0,-110.0,0,closed,matrixturf,,,,,,,Kevin O'Connell,Brian Schottenheimer,,DAL00,AT&T Stadium,1,0.9968299
2025_15_MIA_PIT,2025,REG,15,2025-12-15,Monday,20:15,MIA,,PIT,,Home,,,,2025121500,,,202512150pit,,,,8,8,110.0,-130.0,2.5,-110.0,-110.0,44.5,-110.0,-110.0,0,outdoors,grass,,,,,,,Mike McDaniel,Mike Tomlin,,PIT00,Acrisure Stadium,0,0.046748806
2025_16_LA_SEA,2025,REG,16,2025-12-18,Thursday,20:15,LA,,SEA,,Home,,,,2025121800,,,202512180sea,,,,4,4,-120.0,100.0,-1.5,-110.0,-110.0,44.5,-110.0,-110.0,1,outdoors,fieldturf,,,,,,,Sean McVay,Mike Macdonald,,SEA00,Lumen Field,0,0.122923955
2025_16_GB_CHI,2025,REG,16,2025-12-19,Friday,13:00,GB,,CHI,,Home,,,,2025121900,,,202512190chi,,,,5,5,-120.0,100.0,-1.5,-110.0,-110.0,45.5,-110.0,-110.0,1,outdoors,grass,,,,,,,Matt LaFleur,Ben Johnson,,CHI98,Soldier Field,0,0.0033659837
2025_16_PHI_WAS,2025,REG,16,2025-12-19,Friday,13:00,PHI,,WAS,,Home,,,,2025121901,,,202512190was,,,,5,5,-122.0,102.0,-1.5,-110.0,-110.0,47.5,-115.0,-105.0,1,outdoors,grass,,,,,,,Nick Sirianni,Dan Quinn,,WAS00,FedExField,1,0.8582628
2025_16_NE_BAL,2025,REG,16,2025-12-21,Sunday,13:00,NE,,BAL,,Home,,,,2025122100,,,202512210rav,,,,7,7,310.0,-395.0,8.5,-110.0,-110.0,46.5,-110.0,-110.0,0,outdoors,grass,,,,,,,Mike Vrabel,John Harbaugh,,BAL00,M&T Bank Stadium,1,0.9989052
2025_16_TB_CAR,2025,REG,16,2025-12-21,Sunday,13:00,TB,,CAR,,Home,,,,2025122101,,,202512210car,,,,10,7,-175.0,145.0,-3.5,-110.0,-110.0,47.5,-112.0,-108.0,1,outdoors,grass,,,,,,,Todd Bowles,Dave Canales,,CAR00,Bank of America Stadium,0,0.034049574
2025_16_BUF_CLE,2025,REG,16,2025-12-21,Sunday,13:00,BUF,,CLE,,Home,,,,2025122102,,,202512210cle,,,,7,7,-380.0,300.0,-8.5,-110.0,-110.0,43.5,-110.0,-110.0,0,outdoors,grass,,,,,,,Sean McDermott,Kevin Stefanski,,CLE00,FirstEnergy Stadium,0,0.0003622544
2025_16_LAC_DAL,2025,REG,16,2025-12-21,Sunday,13:00,LAC,,DAL,,Home,,,,2025122103,,,202512210dal,,,,7,7,-120.0,100.0,-1.5,-110.0,-110.0,46.5,-110.0,-110.0,0,closed,matrixturf,,,,,,,Jim Harbaugh,Brian Schottenheimer,,DAL00,AT&T Stadium,0,0.24636066
2025_16_NYJ_NO,2025,REG,16,2025-12-21,Sunday,13:00,NYJ,,NO,,Home,,,,2025122104,,,202512210nor,,,,7,7,100.0,-120.0,1.5,-110.0,-110.0,41.5,-110.0,-110.0,0,dome,sportturf,,,,,,,Aaron Glenn,Kellen Moore,,NOR00,Mercedes-Benz Superdome,0,0.0053654406
2025_16_MIN_NYG,2025,REG,16,2025-12-21,Sunday,13:00,MIN,,NYG,,Home,,,,2025122105,,,202512210nyg,,,,7,7,-130.0,110.0,-2.5,-110.0,-110.0,42.5,-110.0,-110.0,0,outdoors,fieldturf,,,,,,,Kevin O'Connell,Brian Daboll,,NYC01,MetLife Stadium,1,0.86655927
2025_16_KC_TEN,2025,REG,16,2025-12-21,Sunday,13:00,KC,,TEN,,Home,,,,2025122106,,,202512210oti,,,,7,7,-298.0,240.0,-7.0,-120.0,100.0,44.5,-110.0,-110.0,0,outdoors,grass,,,,,,,Andy Reid,Brian Callahan,,NAS00,Nissan Stadium,0,0.2942684
2025_16_ATL_ARI,2025,REG,16,2025-12-21,Sunday,16:05,ATL,,ARI,,Home,,,,2025122107,,,202512210crd,,,,10,7,145.0,-175.0,3.5,-110.0,-110.0,46.5,-110.0,-110.0,0,closed,grass,,,,,,,Raheem Morris,Jonathan Gannon,,PHO00,State Farm Stadium,1,0.9754498
2025_16_JAX_DEN,2025,REG,16,2025-12-21,Sunday,16:05,JAX,,DEN,,Home,,,,2025122108,,,202512210den,,,,7,7,180.0,-218.0,5.5,-110.0,-110.0,45.5,-110.0,-110.0,0,outdoors,grass,,,,,,,Liam Coen,Sean Payton,,DEN00,Empower Field at Mile High,1,0.98950994
2025_16_PIT_DET,2025,REG,16,2025-12-21,Sunday,16:25,PIT,,DET,,Home,,,,2025122109,,,202512210det,,,,6,7,200.0,-245.0,6.0,-110.0,-110.0,45.5,-110.0,-110.0,0,dome,fieldturf,,,,,,,Mike Tomlin,Dan Campbell,,DET00,Ford Field,1,0.9996606
2025_16_LV_HOU,2025,REG,16,2025-12-21,Sunday,16:25,LV,,HOU,,Home,,,,2025122110,,,202512210htx,,,,7,7,164.0,-198.0,4.5,-110.0,-110.0,43.5,-110.0,-110.0,0,closed,astroturf,,,,,,,Pete Carroll,DeMeco Ryans,,HOU00,NRG Stadium,1,0.985216
2025_16_CIN_MIA,2025,REG,16,2025-12-21,Sunday,20:20,CIN,,MIA,,Home,,,,2025122111,,,202512210mia,,,,7,6,-122.0,102.0,-1.5,-110.0,-110.0,48.5,-110.0,-110.0,0,outdoors,grass,,,,,,,Zac Taylor,Mike McDaniel,,MIA00,Hard Rock Stadium,0,0.020041654
2025_16_SF_IND,2025,REG,16,2025-12-22,Monday,20:15,SF,,IND,,Home,,,,2025122200,,,202512220clt,,,,8,8,-162.0,136.0,-3.0,-115.0,-105.0,46.5,-110.0,-110.0,0,closed,fieldturf,,,,,,,Kyle Shanahan,Shane Steichen,,IND00,Lucas Oil Stadium,0,0.11254619
2025_17_DAL_WAS,2025,REG,17,2025-12-25,Thursday,13:00,DAL,,WAS,,Home,,,,2025122500,,,202512250was,,,,4,6,185.0,-225.0,5.5,-110.0,-110.0,48.5,-105.0,-115.0,1,outdoors,grass,,,,,,,Brian Schottenheimer,Dan Quinn,,WAS00,FedExField,1,0.9967908
2025_17_DET_MIN,2025,REG,17,2025-12-25,Thursday,16:30,DET,,MIN,,Home,,,,2025122501,,,202512250min,,,,4,4,-135.0,114.0,-2.5,-110.0,-110.0,46.5,-110.0,-110.0,1,dome,sportturf,,,,,,,Dan Campbell,Kevin O'Connell,,MIN01,U.S. Bank Stadium,0,0.0016466916
2025_17_DEN_KC,2025,REG,17,2025-12-25,Thursday,20:15,DEN,,KC,,Home,,,,2025122502,,,202512250kan,,,,4,4,164.0,-198.0,4.5,-110.0,-110.0,44.5,-115.0,-105.0,1,outdoors,grass,,,,,,,Sean Payton,Andy Reid,,KAN00,GEHA Field at Arrowhead Stadium,0,0.021191852
2025_17_SEA_CAR,2025,REG,17,2025-12-28,Sunday,13:00,SEA,,CAR,,Home,,,,2025122800,,,202512280car,,,,10,7,,,,,,,,,0,outdoors,grass,,,,,,,Mike Macdonald,Dave Canales,,CAR00,Bank of America Stadium,1,0.9774129
2025_17_ARI_CIN,2025,REG,17,2025-12-28,Sunday,13:00,ARI,,CIN,,Home,,,,2025122801,,,202512280cin,,,,7,7,,,,,,,,,0,outdoors,fieldturf,,,,,,,Jonathan Gannon,Zac Taylor,,CIN00,Paycor Stadium,1,0.9539371
2025_17_PIT_CLE,2025,REG,17,2025-12-28,Sunday,13:00,PIT,,CLE,,Home,,,,2025122800,,,202512280cle,,,,7,7,-130.0,110.0,-2.5,-110.0,-110.0,40.5,-110.0,-110.0,1,outdoors,grass,,,,,,,Mike Tomlin,Kevin Stefanski,,CLE00,FirstEnergy Stadium,0,0.0022530667
2025_17_BAL_GB,2025,REG,17,2025-12-28,Sunday,13:00,BAL,,GB,,Home,,,,2025122802,,,202512280gnb,,,,7,9,,,,,,,,,0,outdoors,grass,,,,,,,John Harbaugh,Matt LaFleur,,GNB00,Lambeau Field,0,0.0018715985
2025_17_JAX_IND,2025,REG,17,2025-12-28,Sunday,13:00,JAX,,IND,,Home,,,,2025122801,,,202512280clt,,,,7,6,100.0,-120.0,1.5,-112.0,-108.0,45.5,-110.0,-110.0,1,closed,fieldturf,,,,,,,Liam Coen,Shane Steichen,,IND00,Lucas Oil Stadium,0,0.21542186
2025_17_HOU_LAC,2025,REG,17,2025-12-28,Sunday,13:00,HOU,,LAC,,Home,,,,2025122803,,,202512280sdg,,,,7,7,,,,,,,,,0,dome,matrixturf,,,,,,,DeMeco Ryans,Jim Harbaugh,,LAX01,SoFi Stadium,1,0.9977518
2025_17_NYG_LV,2025,REG,17,2025-12-28,Sunday,13:00,NYG,,LV,,Home,,,,2025122804,,,202512280rai,,,,7,7,,,,,,,,,0,dome,grass,,,,,,,Brian Daboll,Pete Carroll,,VEG00,Allegiant Stadium,0,0.15514143
2025_17_TB_MIA,2025,REG,17,2025-12-28,Sunday,13:00,TB,,MIA,,Home,,,,2025122802,,,202512280mia,,,,7,7,-122.0,102.0,-1.5,-110.0,-110.0,47.5,-110.0,-110.0,0,outdoors,grass,,,,,,,Todd Bowles,Mike McDaniel,,MIA00,Hard Rock Stadium,0,0.002359232
2025_17_NE_NYJ,2025,REG,17,2025-12-28,Sunday,13:00,NE,,NYJ,,Home,,,,2025122803,,,202512280nyj,,,,7,7,-122.0,102.0,-1.5,-110.0,-110.0,41.5,-110.0,-110.0,1,outdoors,fieldturf,,,,,,,Mike Vrabel,Aaron Glenn,,NYC01,MetLife Stadium,1,0.9685195
2025_17_NO_TEN,2025,REG,17,2025-12-28,Sunday,13:00,NO,,TEN,,Home,,,,2025122804,,,202512280oti,,,,7,7,140.0,-166.0,3.5,-115.0,-105.0,42.5,-110.0,-110.0,0,outdoors,grass,,,,,,,Kellen Moore,Brian Callahan,,NAS00,Nissan Stadium,1,0.99879813
2025_17_PHI_BUF,2025,REG,17,2025-12-28,Sunday,16:25,PHI,,BUF,,Home,,,,2025122805,,,202512280buf,,,,9,7,100.0,-120.0,1.5,-110.0,-110.0,46.5,-110.0,-110.0,0,outdoors,a_turf,,,,,,,Nick Sirianni,Sean McDermott,,BUF00,New Era Field,1,0.87214637
2025_17_CHI_SF,2025,REG,17,2025-12-28,Sunday,20:20,CHI,,SF,,Home,,,,2025122806,,,202512280sfo,,,,9,6,150.0,-180.0,3.5,-110.0,-110.0,46.5,-110.0,-110.0,0,outdoors,grass,,,,,,,Ben Johnson,Kyle Shanahan,,SFO01,Levi's Stadium,1,0.99885905
2025_17_LA_ATL,2025,REG,17,2025-12-29,Monday,20:15,LA,,ATL,,Home,,,,2025122900,,,202512290atl,,,,11,8,-162.0,136.0,-3.0,-110.0,-110.0,46.5,-110.0,-110.0,0,closed,fieldturf,,,,,,,Sean McVay,Raheem Morris,,ATL97,Mercedes-Benz Stadium,1,0.9109962
2025_18_NO_ATL,2025,REG,18,2026-01-04,Sunday,13:00,NO,,ATL,,Home,,,,2025010400,,,202501040atl,,,,6,6,180.0,-218.0,4.5,-105.0,-115.0,,,,1,closed,fieldturf,,,,,,,Kellen Moore,Raheem Morris,,ATL97,Mercedes-Benz Stadium,1,0.9996929
2025_18_NYJ_BUF,2025,REG,18,2026-01-04,Sunday,13:00,NYJ,,BUF,,Home,,,,2025010401,,,202501040buf,,,,6,6,295.0,-375.0,9.5,-110.0,-110.0,,,,1,outdoors,a_turf,,,,,,,Aaron Glenn,Sean McDermott,,BUF00,New Era Field,1,0.99531746
2025_18_DET_CHI,2025,REG,18,2026-01-04,Sunday,13:00,DET,,CHI,,Home,,,,2025010402,,,202501040chi,,,,5,9,-120.0,100.0,-1.5,-110.0,-110.0,,,,1,outdoors,grass,,,,,,,Dan Campbell,Ben Johnson,,CHI98,Soldier Field,0,0.0012889593
2025_18_CLE_CIN,2025,REG,18,2026-01-04,Sunday,13:00,CLE,,CIN,,Home,,,,2025010403,,,202501040cin,,,,6,7,310.0,-395.0,8.5,-110.0,-110.0,,,,1,outdoors,fieldturf,,,,,,,Kevin Stefanski,Zac Taylor,,CIN00,Paycor Stadium,1,0.9996275
2025_18_LAC_DEN,2025,REG,18,2026-01-04,Sunday,13:00,LAC,,DEN,,Home,,,,2025010404,,,202501040den,,,,7,7,110.0,-130.0,2.5,-110.0,-110.0,,,,1,outdoors,grass,,,,,,,Jim Harbaugh,Sean Payton,,DEN00,Empower Field at Mile High,1,0.9708839
2025_18_IND_HOU,2025,REG,18,2026-01-04,Sunday,13:00,IND,,HOU,,Home,,,,2025010405,,,202501040htx,,,,6,10,164.0,-198.0,4.5,-110.0,-110.0,,,,1,closed,astroturf,,,,,,,Shane Steichen,DeMeco Ryans,,HOU00,NRG Stadium,0,0.017286181
2025_18_TEN_JAX,2025,REG,18,2026-01-04,Sunday,13:00,TEN,,JAX,,Home,,,,2025010406,,,202501040jax,,,,6,6,160.0,-192.0,4.5,-110.0,-110.0,,,,1,outdoors,grass,,,,,,,Brian Callahan,Liam Coen,,JAX00,TIAA Bank Stadium,1,0.99362165
2025_18_ARI_LA,2025,REG,18,2026-01-04,Sunday,13:00,ARI,,LA,,Home,,,,2025010407,,,202501040ram,,,,7,7,145.0,-175.0,3.5,-110.0,-110.0,,,,1,dome,matrixturf,,,,,,,Jonathan Gannon,Sean McVay,,LAX01,SoFi Stadium,0,0.11243271
2025_18_KC_LV,2025,REG,18,2026-01-04,Sunday,13:00,KC,,LV,,Home,,,,2025010408,,,202501040rai,,,,10,6,-238.0,195.0,-6.0,-110.0,-110.0,,,,1,dome,grass,,,,,,,Andy Reid,Pete Carroll,,VEG00,Allegiant Stadium,0,0.008959374
2025_18_GB_MIN,2025,REG,18,2026-01-04,Sunday,13:00,GB,,MIN,,Home,,,,2025010409,,,202501040min,,,,6,6,-122.0,102.0,-1.5,-105.0,-115.0,,,,1,dome,sportturf,,,,,,,Matt LaFleur,Kevin O'Connell,,MIN01,U.S. Bank Stadium,0,0.0023751378
2025_18_MIA_NE,2025,REG,18,2026-01-04,Sunday,13:00,MIA,,NE,,Home,,,,2025010410,,,202501040nwe,,,,6,7,110.0,-130.0,2.5,-110.0,-110.0,,,,1,outdoors,fieldturf,,,,,,,Mike McDaniel,Mike Vrabel,,BOS00,Gillette Stadium,0,0.08723385
2025_18_DAL_NYG,2025,REG,18,2026-01-04,Sunday,13:00,DAL,,NYG,,Home,,,,2025010411,,,202501040nyg,,,,6,6,-120.0,100.0,-1.5,-110.0,-110.0,,,,1,outdoors,fieldturf,,,,,,,Brian Schottenheimer,Brian Daboll,,NYC01,MetLife Stadium,0,0.0033429768
2025_18_WAS_PHI,2025,REG,18,2026-01-04,Sunday,13:00,WAS,,PHI,,Home,,,,2025010412,,,202501040phi,,,,6,6,170.0,-205.0,4.5,-110.0,-110.0,,,,1,outdoors,grass,,,,,,,Dan Quinn,Nick Sirianni,,PHI00,Lincoln Financial Field,0,0.41779307
2025_18_BAL_PIT,2025,REG,18,2026-01-04,Sunday,13:00,BAL,,PIT,,Home,,,,2025010413,,,202501040pit,,,,10,10,-205.0,170.0,-4.5,-110.0,-110.0,,,,1,outdoors,grass,,,,,,,John Harbaugh,Mike Tomlin,,PIT00,Acrisure Stadium,0,0.0011265926
2025_18_SEA_SF,2025,REG,18,2026-01-04,Sunday,13:00,SEA,,SF,,Home,,,,2025010414,,,202501040sfo,,,,9,5,164.0,-198.0,4.5,-110.0,-110.0,,,,1,outdoors,grass,,,,,,,Mike Macdonald,Kyle Shanahan,,SFO01,Levi's Stadium,1,0.9510164
2025_18_CAR_TB,2025,REG,18,2026-01-04,Sunday,13:00,CAR,,TB,,Home,,,,2025010415,,,202501040tam,,,,6,6,240.0,-298.0,7.0,-115.0,-105.0,,,,1,outdoors,grass,,,,,,,Dave Canales,Todd Bowles,,TAM00,Raymond James Stadium,1,0.9970893
